id,name,long_name,battle_requirement,first_clear_reward,acquire_cost,resource_requirement,ship_choice_class,ship_cost_requirement,resource_reward,upgrade_is_temporary,contribution_upgrade,hazard
g1_1_b1,B1,,galaxy1_battle1,"[{""upgrade"":""G1TransitSpeed""}]",,[],,,"[{""amount"":10,""resource"":""galaxy1FleetScrap""}]",false,,
g1_1_gf,GF,,,[],,[],,,[],false,G1Foothold,
g1_1_fr_lsc,L1,,,[],,"[{""amount"":20,""resource"":""galaxy1FleetResources""}]",light,,[],true,,
g1_2_b2,B2,,galaxy1_battle2,"[{""upgrade"":""G1TransitSpeed""}]",,[],,,"[{""amount"":15,""resource"":""galaxy1FleetScrap""}]",false,,
g1_2_fr_maxfr,R1,,,[],,[],,,[],false,G1FRMax,
g1_2_fr_kinetic_frigate,FF,Frigate Foundry,,[],,[],,,[],false,G1FrigateUnlock,
g1_2_fr_a,A1,,,[],,"[{""amount"":10,""resource"":""galaxy1FleetResources""}]",,,"[{""amount"":10,""resource"":""galaxy1Artifact""}]",true,,
g1_2_fs_stats,S1,,,[],,[],,,[],false,G1Battle,
g1_3_b3,B3,,galaxy1_battle3,"[{""upgrade"":""G1TransitSpeed""}]",,[],,,"[{""amount"":20,""resource"":""galaxy1FleetScrap""}]",false,,
g1_3_fs_stats,S2,,,[],,[],,,[],false,G1Battle2,
g1_4_b4,B4,,galaxy1_battle4,"[{""upgrade"":""G1TransitSpeed""}]",,[],,,"[{""amount"":20,""resource"":""galaxy1FleetScrap""}]",false,,
g1_4_b5,B5,,galaxy1_battle5,"[{""upgrade"":""G1TransitSpeed""}]",,[],,,"[{""amount"":25,""resource"":""galaxy1FleetScrap""}]",false,,
g1_4_temp_fs_stats,TP,,,[],,[],,,[],true,G1TempBattle1,
g1_4_fr_frigate,FP,Frigate Printer,,[],,[],,,[],false,G1StartingFrigate,
g1_5_fr_a,A2,,,[],,"[{""amount"":20,""resource"":""galaxy1FleetResources""}]",,,"[{""amount"":20,""resource"":""galaxy1Artifact""}]",true,,
g1_6_b6,B6,,galaxy1_battle6,"[{""upgrade"":""G1UnlockG2""},{""upgrade"":""G1TransitSpeedFinal""}]",,[],,,"[{""amount"":30,""resource"":""galaxy1FleetScrap""}]",false,,
g2_1_b1,B1,,galaxy2_battle1,"[{""upgrade"":""G2TransitSpeed""}]",,[],,,"[{""amount"":10,""resource"":""galaxy2FleetScrap""}]",false,,
g2_1_gf,GF,,,[],,[],,,[],false,G2Foothold,
g2_1_fr_lsc,L1,,,[],,"[{""amount"":10,""resource"":""galaxy2FleetResources""}]",light,,[],true,,
g2_2_b2,B2,,galaxy2_battle2,"[{""upgrade"":""G2TransitSpeed""}]",,[],,,"[{""amount"":15,""resource"":""galaxy2FleetScrap""}]",false,,
g2_2_fr_maxfr,R1,,,[],,[],,,[],false,G2FRMax,
g2_2_fs_stats,S1,,,[],,[],,,[],false,G2Battle,
g2_3_fr_a,A1,,,[],,"[{""amount"":10,""resource"":""galaxy2FleetResources""}]",,,"[{""amount"":10,""resource"":""galaxy2Artifact""}]",true,,
g2_3_bb1,BB1,,galaxy2_basebattle1,"[{""upgrade"":""G2VoidEnergyReplacer""}]",,[],,,"[{""amount"":50,""resource"":""galaxy2FleetScrap""}]",false,,
g2_3_b3a,B3A,,galaxy2_battle3a,"[{""upgrade"":""G2TransitSpeed""}]",,[],,,"[{""amount"":20,""resource"":""galaxy2FleetScrap""}]",false,,
g2_3_corvette_chargelaser_mod,CL,Charge Laser Foundry,,[],,[],,,[],false,G2CorvetteChargeLaserUnlock,
g2_3_b3b,B3B,,galaxy2_battle3b,"[{""upgrade"":""G2TransitSpeed""}]",,[],,,"[{""amount"":20,""resource"":""galaxy2FleetScrap""}]",false,,
g2_3_frigate_missile_mod,MI,Missile Foundry,,[],,[],,,[],false,G2FrigateMissilesUnlock,
g2_4_b4a,B4A,,galaxy2_battle4a,"[{""upgrade"":""G2TransitSpeed""}]",,[],,,"[{""amount"":25,""resource"":""galaxy2FleetScrap""}]",false,,
g2_4_fr_maxfr,R2,,,[],,[],,,[],false,G2FRMax,
g2_4_b4b,B4B,,galaxy2_battle4b,"[{""upgrade"":""G2TransitSpeed""}]",,[],,,"[{""amount"":25,""resource"":""galaxy2FleetScrap""}]",false,,
g2_4_fs_stats,S2,,,[],,[],,,[],false,G2Battle,
g2_4_b5,B5,,galaxy2_battle5,"[{""upgrade"":""G2TransitSpeed""}]",,[],,,"[{""amount"":25,""resource"":""galaxy2FleetScrap""}]",false,,
g2_4_fr_lsc,L2,,,[],,"[{""amount"":20,""resource"":""galaxy2FleetResources""}]",light,,[],true,,
g2_6_fr_a,A2,,,[],,"[{""amount"":20,""resource"":""galaxy2FleetResources""}]",,,"[{""amount"":20,""resource"":""galaxy2Artifact""}]",true,,
g2_6_b6a,B6A,,galaxy2_battle6a,"[{""upgrade"":""G2TransitSpeed""}]",,[],,,"[{""amount"":30,""resource"":""galaxy2FleetScrap""}]",false,,
g2_6_fr_maxfr,R3,,,[],,[],,,[],false,G2FRMax2,
g2_6_b6b,B6B,,galaxy2_battle6b,"[{""upgrade"":""G2TransitSpeed""}]",,[],,,"[{""amount"":30,""resource"":""galaxy2FleetScrap""}]",false,,
g2_6_fs_stats,S3,,,[],,[],,,[],false,G2Battle2,
g2_7_b7,B7,,galaxy2_battle7,"[{""upgrade"":""G2TransitSpeed""}]",,[],,,"[{""amount"":30,""resource"":""galaxy2FleetScrap""}]",false,,
g2_7_temp_stats,TP,,,[],,[],,,[],true,G2TempBattle,
g2_8_b8,B8,,galaxy2_battle8,"[{""upgrade"":""G2TransitSpeed""}]",,[],,,"[{""amount"":45,""resource"":""galaxy2FleetScrap""}]",false,,
g2_8_fr_recycling,RM,,,[],,[],,,[],false,G2FRR,
g2_9_fr_a,A3,,,[],,"[{""amount"":30,""resource"":""galaxy2FleetResources""}]",,,"[{""amount"":30,""resource"":""galaxy2Artifact""}]",true,,
g2_10_b9,B9,,galaxy2_battle9,"[{""upgrade"":""G2UnlockG3""},{""upgrade"":""G2TransitSpeedFinal""}]",,[],,,"[{""amount"":50,""resource"":""galaxy2FleetScrap""}]",false,,
g2_10_fr_a,A4,,,[],,"[{""amount"":40,""resource"":""galaxy2FleetResources""}]",,,"[{""amount"":30,""resource"":""galaxy2Artifact""}]",false,,
g3_1_b1,B1,,galaxy3_battle1,"[{""upgrade"":""G3TransitSpeed""}]",,[],,,"[{""amount"":10,""resource"":""galaxy3FleetScrap""}]",false,,
g3_1_gf,GF,,,[],,[],,,[],false,G3Foothold,
g3_1_fr_lsc,L1,,,[],,"[{""amount"":20,""resource"":""galaxy3FleetResources""}]",light,,[],true,,
g3_2_fr_a,A1,,,[],,"[{""amount"":10,""resource"":""galaxy3FleetResources""}]",,,"[{""amount"":10,""resource"":""galaxy3Artifact""}]",true,,
g3_2_fr_maxfr,R1,,,[],,[],,,[],false,G3FRMax,
g3_2_fs_stats,S1,,,[],,[],,,[],false,G3BattleEarly,
g3_3_b2a,B2A,,galaxy3_battle2a,"[{""upgrade"":""G3TransitSpeed""}]",,[],,,"[{""amount"":15,""resource"":""galaxy3FleetScrap""}]",false,,
g3_3_b3a,B3A,,galaxy3_battle3a,"[{""upgrade"":""G3TransitSpeed""}]",,[],,,"[{""amount"":15,""resource"":""galaxy3FleetScrap""}]",false,,
g3_3_frigate_armor_mod,AR,Armor Foundry,,[],,[],,,[],false,G3FrigateArmorUnlock,
g3_3_b2b,B2B,,galaxy3_battle2b,"[{""upgrade"":""G3TransitSpeed""}]",,[],,,"[{""amount"":15,""resource"":""galaxy3FleetScrap""}]",false,,
g3_3_b3b,B3B,,galaxy3_battle3b,"[{""upgrade"":""G3TransitSpeed""}]",,[],,,"[{""amount"":15,""resource"":""galaxy3FleetScrap""}]",false,,
g3_3_corvette_shield_mod,SH,Shield Foundry,,[],,[],,,[],false,G3CorvetteShieldUnlock,
g3_4_b4a,B4A,,galaxy3_battle4a,"[{""upgrade"":""G3TransitSpeed""}]",,[],,,"[{""amount"":20,""resource"":""galaxy3FleetScrap""}]",false,,
g3_4_fs_statsa,S2A,,,[],,[],,,[],false,G3Battle,
g3_4_fr_aa,A2A,,,[],,"[{""amount"":20,""resource"":""galaxy3FleetResources""}]",,,"[{""amount"":20,""resource"":""galaxy3Artifact""}]",true,,
g3_4_b4b,B4B,,galaxy3_battle4b,"[{""upgrade"":""G3TransitSpeed""}]",,[],,,"[{""amount"":20,""resource"":""galaxy3FleetScrap""}]",false,,
g3_4_fs_statsb,S2B,,,[],,[],,,[],false,G3Battle,
g3_4_fr_ab,A2B,,,[],,"[{""amount"":20,""resource"":""galaxy3FleetResources""}]",,,"[{""amount"":20,""resource"":""galaxy3Artifact""}]",true,,
g3_4_fr_lsc,L2,,,[],,[],light,,[],true,,
g3_4_bb1,BB1,,galaxy3_basebattle1,"[{""upgrade"":""G3FixtureUpgrade""}]",,[],,,"[{""amount"":60,""resource"":""galaxy3FleetScrap""}]",false,,
g3_5_b5a,B5A,,galaxy3_battle5a,"[{""upgrade"":""G3TransitSpeed""}]",,[],,,"[{""amount"":25,""resource"":""galaxy3FleetScrap""}]",false,,
g3_5_fr_maxfra,R2A,,,[],,[],,,[],false,G3FRMax,
g3_5_temp_statsa,TPA,,,[],,[],,,[],true,G3TempBattle,
g3_5_b5b,B5B,,galaxy3_battle5b,"[{""upgrade"":""G3TransitSpeed""}]",,[],,,"[{""amount"":25,""resource"":""galaxy3FleetScrap""}]",false,,
g3_5_fr_maxfrb,R2B,,,[],,[],,,[],false,G3FRMax,
g3_5_temp_statsb,TPB,,,[],,[],,,[],true,G3TempBattle,
g3_6_b6a,B6A,,galaxy3_battle6a,"[{""upgrade"":""G3TransitSpeed""}]",,[],,,"[{""amount"":30,""resource"":""galaxy3FleetScrap""}]",false,,
g3_6_b7a,B7A,,galaxy3_battle7a,"[{""upgrade"":""G3TransitSpeed""}]",,[],,,"[{""amount"":30,""resource"":""galaxy3FleetScrap""}]",false,,
g3_6_fr_aa,A3A,,,[],,"[{""amount"":30,""resource"":""galaxy3FleetResources""}]",,,"[{""amount"":30,""resource"":""galaxy3Artifact""}]",true,,
g3_6_b6b,B6B,,galaxy3_battle6b,"[{""upgrade"":""G3TransitSpeed""}]",,[],,,"[{""amount"":30,""resource"":""galaxy3FleetScrap""}]",false,,
g3_6_b7b,B7B,,galaxy3_battle7b,"[{""upgrade"":""G3TransitSpeed""}]",,[],,,"[{""amount"":30,""resource"":""galaxy3FleetScrap""}]",false,,
g3_6_fr_ab,A3B,,,[],,"[{""amount"":30,""resource"":""galaxy3FleetResources""}]",,,"[{""amount"":30,""resource"":""galaxy3Artifact""}]",true,,
g3_6_b8,B8,,galaxy3_battle8,"[{""upgrade"":""G3TransitSpeed""}]",,[],,,"[{""amount"":35,""resource"":""galaxy3FleetScrap""}]",false,,
g3_6_fr_msc,M1,,,[],,"[{""amount"":20,""resource"":""galaxy3FleetResources""}]",medium,,[],true,,
g3_7_b9,B9,,galaxy3_battle9,"[{""upgrade"":""G3TransitSpeed""}]",,[],,,"[{""amount"":40,""resource"":""galaxy3FleetScrap""}]",false,,
g3_7_fr_recycling,RM,,,[],,[],,,[],false,G3FRR,
g3_8_fr_a,A4,,,[],,"[{""amount"":40,""resource"":""galaxy3FleetResources""}]",,,"[{""amount"":40,""resource"":""galaxy3Artifact""}]",true,,
g3_9_b10,B10,,galaxy3_battle10,"[{""upgrade"":""G3UnlockG4""},{""upgrade"":""G3TransitSpeedFinal""}]",,[],,,"[{""amount"":45,""resource"":""galaxy3FleetScrap""}]",false,,
g3_9_fr_aa,A5,,,[],,"[{""amount"":40,""resource"":""galaxy3FleetResources""}]",,,"[{""amount"":40,""resource"":""galaxy3Artifact""}]",false,,
g4_b1,B1,,galaxy4_battle1,"[{""upgrade"":""G4TransitSpeed""}]",,[],,,"[{""amount"":10,""resource"":""galaxy4FleetScrap""}]",false,,
g4_gf,GF,,,[],,[],,,[],false,G4Foothold,
g4_fr_lsc,L1,,,[],,"[{""amount"":20,""resource"":""galaxy4FleetResources""}]",light,,[],true,,
g4_fr_a,A1,,,[],,"[{""amount"":10,""resource"":""galaxy4FleetResources""}]",,,"[{""amount"":10,""resource"":""galaxy4Artifact""}]",true,,
g4_fs_maxfr,R1,,,[],,[],,,[],false,G4FRMaxLow,
g4_fs_stats,S1,,,[],,[],,,[],false,G4BattleLow,
g4_b2,B2,,galaxy4_battle2,"[{""upgrade"":""G4TransitSpeed""}]",,[],,,"[{""amount"":15,""resource"":""galaxy4FleetScrap""}]",false,,
g4_b3,B3,,galaxy4_battle3,"[{""upgrade"":""G4TransitSpeed""}]",,[],,,"[{""amount"":15,""resource"":""galaxy4FleetScrap""}]",false,,
g4_fr_a2,A2,,,[],,"[{""amount"":20,""resource"":""galaxy4FleetResources""}]",,,"[{""amount"":20,""resource"":""galaxy4Artifact""}]",true,,
g4_b4,B4,,galaxy4_battle4,"[{""upgrade"":""G4TransitSpeed""}]",,[],,,"[{""amount"":20,""resource"":""galaxy4FleetScrap""}]",false,,
g4_fr_fighter_unlock,FF,Fighter Foundry,,[],,[],,,[],false,G4FighterUnlock,
g4_b5,B5,,galaxy4_battle5,"[{""upgrade"":""G4TransitSpeed""}]",,[],,,"[{""amount"":20,""resource"":""galaxy4FleetScrap""}]",false,,
g4_fs_stats2,S2,,,[],,[],,,[],false,G4BattleMedium,
g4_b6,B6,,galaxy4_battle6,"[{""upgrade"":""G4TransitSpeed""}]",,[],,,"[{""amount"":20,""resource"":""galaxy4FleetScrap""}]",false,,
g4_fr_lsc2,L2,,,[],,"[{""amount"":20,""resource"":""galaxy4FleetResources""}]",light,,[],true,,
g4_b7,B7,,galaxy4_battle7,"[{""upgrade"":""G4TransitSpeed""}]",,[],,,"[{""amount"":25,""resource"":""galaxy4FleetScrap""}]",false,,
g4_fs_maxfr2,R2,,,[],,[],,,[],false,G4FRMaxMedium,
g4_b8,B8,,galaxy4_battle8,"[{""upgrade"":""G4TransitSpeed""}]",,[],,,"[{""amount"":25,""resource"":""galaxy4FleetScrap""}]",false,,
g4_bb1,BB1,,galaxy4_basebattle1,"[{""upgrade"":""G4SectorJumpUnlock""}]",,[],,,"[{""amount"":45,""resource"":""galaxy4FleetScrap""}]",false,,
g4_b9,B9,,galaxy4_battle9,"[{""upgrade"":""G4TransitSpeed""}]",,[],,,"[{""amount"":25,""resource"":""galaxy4FleetScrap""}]",false,,
g4_b10,B10,,galaxy4_battle10,"[{""upgrade"":""G4TransitSpeed""}]",,[],,,"[{""amount"":25,""resource"":""galaxy4FleetScrap""}]",false,,
g4_fs_maxfr3,R3,,,[],,[],,,[],false,G4FRMaxSmall,
g4_fr_a3,A3,,,[],,"[{""amount"":40,""resource"":""galaxy4FleetResources""}]",,,"[{""amount"":40,""resource"":""galaxy4Artifact""}]",true,,
g4_b11,B11,,galaxy4_battle11,"[{""upgrade"":""G4TransitSpeed""}]",,[],,,"[{""amount"":30,""resource"":""galaxy4FleetScrap""}]",false,,
g4_fr_fighter_start,FP,Fighter Printer,,[],,[],,,[],false,G4FighterStart,
g4_b12,B12,,galaxy4_battle12,"[{""upgrade"":""G4TransitSpeed""}]",,[],,,"[{""amount"":30,""resource"":""galaxy4FleetScrap""}]",false,,
g4_fs_stats3,S3,,,[],,[],,,[],false,G4BattleSmall,
g4_b13,B13,,galaxy4_battle13,"[{""upgrade"":""G4TransitSpeed""}]",,[],,,"[{""amount"":35,""resource"":""galaxy4FleetScrap""}]",false,,
g4_fr_fighter_kinetic,MR,Mini Rail Gun Foundry,,[],,[],,,[],false,G4FighterMiniRailgunUnlock,
g4_b14,B14,,galaxy4_battle14,"[{""upgrade"":""G4TransitSpeed""}]",,[],,,"[{""amount"":35,""resource"":""galaxy4FleetScrap""}]",false,,
g4_b15,B15,,galaxy4_battle15,"[{""upgrade"":""G4TransitSpeed""}]",,[],,,"[{""amount"":35,""resource"":""galaxy4FleetScrap""}]",false,,
g4_bb2,BB2,,galaxy4_basebattle2,"[{""upgrade"":""G4AlienSynth""}]",,[],,,"[{""amount"":55,""resource"":""galaxy4FleetScrap""}]",false,,
g4_b16,B16,,galaxy4_battle16,"[{""upgrade"":""G4TransitSpeed""}]",,[],,,"[{""amount"":35,""resource"":""galaxy4FleetScrap""}]",false,,
g4_fr_msc,M1,,,[],,"[{""amount"":30,""resource"":""galaxy4FleetResources""}]",medium,,[],true,,
g4_b17,B17,,galaxy4_battle17,"[{""upgrade"":""G4TransitSpeed""}]",,[],,,"[{""amount"":40,""resource"":""galaxy4FleetScrap""}]",false,,
g4_fs_maxfr4,R4,,,[],,[],,,[],false,G4FRMaxFinal,
g4_b18,B18,,galaxy4_battle18,"[{""upgrade"":""G4TransitSpeed""}]",,[],,,"[{""amount"":40,""resource"":""galaxy4FleetScrap""}]",false,,
g4_fr_a4,A4,,,[],,"[{""amount"":60,""resource"":""galaxy4FleetResources""}]",,,"[{""amount"":60,""resource"":""galaxy4Artifact""}]",true,,
g4_b19,B19,,galaxy4_battle19,"[{""upgrade"":""G4TransitSpeed""}]",,[],,,"[{""amount"":45,""resource"":""galaxy4FleetScrap""}]",false,,
g4_b20,B20,,galaxy4_battle20,"[{""upgrade"":""G4TransitSpeed""}]",,[],,,"[{""amount"":45,""resource"":""galaxy4FleetScrap""}]",false,,
g4_fs_maxfr5,R5,,,[],,[],,,[],false,G4FRMaxBig,
g4_b21,B21,,galaxy4_battle21,"[{""upgrade"":""G4TransitSpeed""}]",,[],,,"[{""amount"":50,""resource"":""galaxy4FleetScrap""}]",false,,
g4_b22,B22,,galaxy4_battle22,"[{""upgrade"":""G4TransitSpeed""}]",,[],,,"[{""amount"":60,""resource"":""galaxy4FleetScrap""}]",false,,
g4_fs_maxfr6,R6,,,[],,[],,,[],false,G4FRMaxBig,
g4_fr_a5,A5,,,[],,"[{""amount"":80,""resource"":""galaxy4FleetResources""}]",,,"[{""amount"":80,""resource"":""galaxy4Artifact""}]",true,,
g4_b23,B23,,galaxy4_battle23,"[{""upgrade"":""G4UnlockUT""},{""upgrade"":""G4UnlockG5""},{""upgrade"":""G4TransitFinal""}]",,[],,,"[{""amount"":100,""resource"":""galaxy4FleetScrap""}]",false,,
g4_fr_a6a,A6,,,[],,"[{""amount"":50,""resource"":""galaxy4FleetResources""}]",,,"[{""amount"":50,""resource"":""galaxy4Artifact""}]",false,,
g5_b1,B1,,galaxy5_battle1,"[{""upgrade"":""G5TransitSpeed""}]",,[],,,"[{""amount"":10,""resource"":""galaxy5FleetScrap""}]",false,,
g5_gf,GF,,,[],,[],,,[],false,G5Foothold,
g5_fr_lsc1,L1,,,[],,"[{""amount"":20,""resource"":""galaxy5FleetResources""}]",light,,[],true,,
g5_b2,B2,,galaxy5_battle2,"[{""upgrade"":""G5TransitSpeed""}]",,[],,,"[{""amount"":10,""resource"":""galaxy5FleetScrap""}]",false,,
g5_bb1,BB1,,galaxy5_basebattle1,"[{""upgrade"":""G5ComputeSpecUpgrade""}]",,[],,,"[{""amount"":45,""resource"":""galaxy5FleetScrap""}]",false,,
g5a_fr_a1,A1A,,,[],,"[{""amount"":25,""resource"":""galaxy5FleetResources""}]",,,"[{""amount"":25,""resource"":""galaxy5Artifact""}]",true,,
g5a_b3,B3A,,galaxy5a_battle3,"[{""upgrade"":""G5TransitSpeed""}]",,[],,,"[{""amount"":10,""resource"":""galaxy5FleetScrap""}]",false,,
g5a_fs_maxfr1,R1A,,,[],,[],,,[],false,G5FRMaxLow,
g5a_b4,B4A,,galaxy5a_battle4,"[{""upgrade"":""G5TransitSpeed""}]",,[],,,"[{""amount"":15,""resource"":""galaxy5FleetScrap""}]",false,,
g5a_db1,D1A,,,[],,"[{""amount"":150,""reduction_per_visit"":0.5,""resource"":""galaxy5FleetResources""}]",,,"[{""amount"":20,""resource"":""galaxy5FleetScrap""}]",true,,
g5a_b5,B5A,,galaxy5a_battle5,"[{""upgrade"":""G5TransitSpeed""}]",,[],,,"[{""amount"":15,""resource"":""galaxy5FleetScrap""}]",false,,
g5a_b6,B6A,,galaxy5a_battle6,"[{""upgrade"":""G5TransitSpeed""}]",,[],,,"[{""amount"":20,""resource"":""galaxy5FleetScrap""}]",false,,"[{""nodes_effected"":[{""fleet_event"":""g5a_b3""},{""fleet_event"":""g5a_b4""}],""reinforcement_details"":[{""difficulty_mod"":1,""difficulty_type"":"""",""grid_x"":0,""grid_y"":2,""ship"":""EnemyArmor"",""time_spawning"":1.5,""total_time_to_spawn"":2.5}],""repeat"":false,""type"":""reinforcements""},{""nodes_effected"":[{""fleet_event"":""g5a_b5""}],""reinforcement_details"":[{""difficulty_mod"":0.5,""difficulty_type"":""Multiplicative"",""grid_x"":0,""grid_y"":0,""ship"":""EnemySkirmisher"",""time_spawning"":1.5,""total_time_to_spawn"":2.5},{""difficulty_mod"":0.5,""difficulty_type"":""Multiplicative"",""grid_x"":0,""grid_y"":4,""ship"":""EnemySkirmisher"",""time_spawning"":1.5,""total_time_to_spawn"":2.5}],""repeat"":false,""type"":""reinforcements""},{""nodes_effected"":[{""fleet_event"":""g5a_b6""},{""fleet_event"":""g5_bb1""}],""reinforcement_details"":[{""difficulty_mod"":1,""difficulty_type"":""Multiplicative"",""grid_x"":0,""grid_y"":0,""ship"":""EnemySkirmisher"",""time_spawning"":1,""total_time_to_spawn"":6},{""difficulty_mod"":1,""difficulty_type"":""Multiplicative"",""grid_x"":0,""grid_y"":4,""ship"":""EnemySkirmisher"",""time_spawning"":1,""total_time_to_spawn"":6}],""repeat"":true,""type"":""reinforcements""}]"
g5a_fr_a2,A2A,,,[],,"[{""amount"":50,""resource"":""galaxy5FleetResources""}]",,,"[{""amount"":50,""resource"":""galaxy5Artifact""}]",true,,
g5a_fs_stats1,S2A,,,[],,[],,,[],false,G5BattleMid,
g5a_b7,B7A,,galaxy5a_battle7,"[{""upgrade"":""G5TransitSpeed""}]",,[],,,"[{""amount"":20,""resource"":""galaxy5FleetScrap""}]",false,,
g5a_fr_msc1,M1A,,,[],,"[{""amount"":40,""resource"":""galaxy5FleetResources""}]",medium,,[],true,,
g5a_b8,B8A,,galaxy5a_battle8,"[{""upgrade"":""G5TransitSpeed""}]",,[],,,"[{""amount"":20,""resource"":""galaxy5FleetScrap""}]",false,,
g5a_b9,B9A,,galaxy5a_battle9,"[{""upgrade"":""G5TransitSpeed""}]",,[],,,"[{""amount"":20,""resource"":""galaxy5FleetScrap""}]",false,,
g5a_b10,B10A,,galaxy5a_battle10,"[{""upgrade"":""G5TransitSpeed""}]",,[],,,"[{""amount"":20,""resource"":""galaxy5FleetScrap""}]",false,,
g5a_fs_stats2,S3A,,,[],,[],,,[],false,G5BattleMidSmall,
g5a_b11,B11A,,galaxy5a_battle11,"[{""upgrade"":""G5TransitSpeed""}]",,[],,,"[{""amount"":20,""resource"":""galaxy5FleetScrap""}]",false,,"[{""damage_details"":[{""damage"":10,""interval"":2.5,""volley_size"":15}],""nodes_effected"":[{""fleet_event"":""g5a_b9""}],""repeat"":false,""type"":""laser_volley""},{""damage_details"":[{""damage"":15,""interval"":2.5,""volley_size"":20}],""nodes_effected"":[{""fleet_event"":""g5a_b10""},{""fleet_event"":""g5_b13""}],""repeat"":false,""type"":""laser_volley""},{""damage_details"":[{""damage"":30,""interval"":2.5,""volley_size"":20}],""nodes_effected"":[{""fleet_event"":""g5_b14""}],""repeat"":false,""type"":""laser_volley""},{""damage_details"":[{""damage"":20,""interval"":4,""volley_size"":20}],""nodes_effected"":[{""fleet_event"":""g5a_b11""}],""repeat"":true,""type"":""laser_volley""}]"
g5a_b12,B12A,,galaxy5a_battle12,"[{""upgrade"":""G5TransitSpeed""}]",,[],,,"[{""amount"":20,""resource"":""galaxy5FleetScrap""}]",false,,
g5a_db2,D2A,,,[],,"[{""amount"":200,""reduction_per_visit"":0.5,""resource"":""galaxy5FleetResources""}]",,,"[{""amount"":20,""resource"":""galaxy5FleetScrap""}]",true,,
g5b_fr_a1,A1B,,,[],,"[{""amount"":25,""resource"":""galaxy5FleetResources""}]",,,"[{""amount"":25,""resource"":""galaxy5Artifact""}]",true,,
g5b_b3,B3B,,galaxy5b_battle3,"[{""upgrade"":""G5TransitSpeed""}]",,[],,,"[{""amount"":10,""resource"":""galaxy5FleetScrap""}]",false,,
g5b_fs_stats1,S1B,,,[],,[],,,[],false,G5BattleLow,
g5b_b4,B4B,,galaxy5b_battle4,"[{""upgrade"":""G5TransitSpeed""}]",,[],,,"[{""amount"":15,""resource"":""galaxy5FleetScrap""}]",false,,
g5b_db1,D1B,,,[],,"[{""amount"":150,""reduction_per_visit"":0.5,""resource"":""galaxy5FleetResources""}]",,,"[{""amount"":20,""resource"":""galaxy5FleetScrap""}]",true,,
g5b_b5,B5B,,galaxy5b_battle5,"[{""upgrade"":""G5TransitSpeed""}]",,[],,,"[{""amount"":15,""resource"":""galaxy5FleetScrap""}]",false,,
g5b_b6,B6B,,galaxy5b_battle6,"[{""upgrade"":""G5TransitSpeed""}]",,[],,,"[{""amount"":20,""resource"":""galaxy5FleetScrap""}]",false,,"[{""nodes_effected"":[{""fleet_event"":""g5b_b3""},{""fleet_event"":""g5b_b4""}],""reinforcement_details"":[{""difficulty_mod"":1,""difficulty_type"":"""",""grid_x"":0,""grid_y"":2,""ship"":""EnemyShield"",""time_spawning"":1.5,""total_time_to_spawn"":2.5}],""repeat"":false,""type"":""reinforcements""},{""nodes_effected"":[{""fleet_event"":""g5b_b5""}],""reinforcement_details"":[{""difficulty_mod"":1,""difficulty_type"":"""",""grid_x"":0,""grid_y"":0,""ship"":""EnemyShotgun"",""time_spawning"":1.5,""total_time_to_spawn"":2.5},{""difficulty_mod"":1,""difficulty_type"":"""",""grid_x"":0,""grid_y"":4,""ship"":""EnemyShotgun"",""time_spawning"":1.5,""total_time_to_spawn"":2.5}],""repeat"":false,""type"":""reinforcements""},{""nodes_effected"":[{""fleet_event"":""g5b_b6""},{""fleet_event"":""g5_bb1""}],""reinforcement_details"":[{""difficulty_mod"":1,""difficulty_type"":"""",""grid_x"":1,""grid_y"":0,""ship"":""EnemyShotgun"",""time_spawning"":1,""total_time_to_spawn"":6},{""difficulty_mod"":1,""difficulty_type"":"""",""grid_x"":1,""grid_y"":4,""ship"":""EnemyShotgun"",""time_spawning"":1,""total_time_to_spawn"":6}],""repeat"":true,""type"":""reinforcements""}]"
g5b_fr_a2,A2B,,,[],,"[{""amount"":50,""resource"":""galaxy5FleetResources""}]",,,"[{""amount"":50,""resource"":""galaxy5Artifact""}]",true,,
g5b_fs_maxfr1,R2B,,,[],,[],,,[],false,G5FRMaxMid,
g5b_b7,B7B,,galaxy5b_battle7,"[{""upgrade"":""G5TransitSpeed""}]",,[],,,"[{""amount"":20,""resource"":""galaxy5FleetScrap""}]",false,,
g5b_fr_msc1,M1B,,,[],,"[{""amount"":40,""resource"":""galaxy5FleetResources""}]",medium,,[],true,,
g5b_b8,B8B,,galaxy5b_battle8,"[{""upgrade"":""G5TransitSpeed""}]",,[],,,"[{""amount"":20,""resource"":""galaxy5FleetScrap""}]",false,,
g5b_b9,B9B,,galaxy5b_battle9,"[{""upgrade"":""G5TransitSpeed""}]",,[],,,"[{""amount"":20,""resource"":""galaxy5FleetScrap""}]",false,,
g5b_b10,B10B,,galaxy5b_battle10,"[{""upgrade"":""G5TransitSpeed""}]",,[],,,"[{""amount"":20,""resource"":""galaxy5FleetScrap""}]",false,,
g5b_b11,B11B,,galaxy5b_battle11,"[{""upgrade"":""G5TransitSpeed""}]",,[],,,"[{""amount"":20,""resource"":""galaxy5FleetScrap""}]",false,,"[{""damage_details"":[{""damage"":50,""interval"":2.5,""volley_size"":5}],""nodes_effected"":[{""fleet_event"":""g5b_b9""}],""repeat"":false,""type"":""laser_volley""},{""damage_details"":[{""damage"":100,""interval"":2.5,""volley_size"":10}],""nodes_effected"":[{""fleet_event"":""g5b_b10""},{""fleet_event"":""g5_b13""}],""repeat"":false,""type"":""laser_volley""},{""damage_details"":[{""damage"":300,""interval"":2.5,""volley_size"":10}],""nodes_effected"":[{""fleet_event"":""g5_b14""}],""repeat"":false,""type"":""laser_volley""},{""damage_details"":[{""damage"":100,""interval"":4,""volley_size"":10}],""nodes_effected"":[{""fleet_event"":""g5b_b11""}],""repeat"":true,""type"":""laser_volley""}]"
g5b_b12,B12B,,galaxy5b_battle12,"[{""upgrade"":""G5TransitSpeed""}]",,[],,,"[{""amount"":20,""resource"":""galaxy5FleetScrap""}]",false,,
g5b_fs_maxfr2,R3B,,,[],,[],,,[],false,G5FRMaxMidSmall,
g5b_db2,D2B,,,[],,"[{""amount"":200,""reduction_per_visit"":0.5,""resource"":""galaxy5FleetResources""}]",,,"[{""amount"":20,""resource"":""galaxy5FleetScrap""}]",true,,
g5_b13,B13,,galaxy5_battle13,"[{""upgrade"":""G5TransitSpeed""}]",,[],,,"[{""amount"":25,""resource"":""galaxy5FleetScrap""}]",false,,
g5_b14,B14,,galaxy5_battle14,"[{""upgrade"":""G5TransitSpeed""}]",,[],,,"[{""amount"":25,""resource"":""galaxy5FleetScrap""}]",false,,
g5_fr_a3,A3,,,[],,"[{""amount"":100,""resource"":""galaxy5FleetResources""}]",,,"[{""amount"":100,""resource"":""galaxy5Artifact""}]",true,,
g5_starting_cruiser,CP,Cruiser Printer,,[],,[],,,[],false,G5CruiserStart,
g5_b15,B15,,galaxy5_battle15,"[{""upgrade"":""G5TransitSpeed""}]",,[],,,"[{""amount"":25,""resource"":""galaxy5FleetScrap""}]",false,,
g5_fs_maxfr4,R4,,,[],,[],,,[],false,G5FRMaxHigh,
g5_b16,B16,,galaxy5_battle16,"[{""upgrade"":""G5TransitSpeed""}]",,[],,,"[{""amount"":25,""resource"":""galaxy5FleetScrap""}]",false,,"[{""damage_details"":[{""damage"":2.5,""interval"":0.125,""volley_size"":1}],""nodes_effected"":[{""fleet_event"":""g5_b16""}],""repeat"":true,""type"":""damage_per_second""}]"
g5_b17,B17,,galaxy5_battle17,"[{""upgrade"":""G5TransitSpeed""}]",,[],,,"[{""amount"":30,""resource"":""galaxy5FleetScrap""}]",false,,"[{""damage_details"":[{""damage"":5,""interval"":0.125,""volley_size"":1}],""nodes_effected"":[{""fleet_event"":""g5_b17""}],""repeat"":true,""type"":""damage_per_second""}]"
g5_fs_stats4,S4,,,[],,[],,,[],false,G5BattleHigh,
g5_b18,B18,,galaxy5_battle18,"[{""upgrade"":""G5TransitSpeed""}]",,[],,,"[{""amount"":30,""resource"":""galaxy5FleetScrap""}]",false,,
g5_cruiser_armor_tank,AT,Armor Tank Foundry,,[],,[],,,[],false,G5CruiserSingleArmorTank,
g5_fr_a4,A4,,,[],,"[{""amount"":160,""resource"":""galaxy5FleetResources""}]",,,"[{""amount"":160,""resource"":""galaxy5Artifact""}]",true,,
g5_b19,B19,,galaxy5_battle19,"[{""upgrade"":""G5TransitSpeed""}]",,[],,,"[{""amount"":30,""resource"":""galaxy5FleetScrap""}]",false,,
g5_bb2,BB2,,galaxy5_basebattle2,"[{""upgrade"":""G5WarpUpgrade""}]",,[],,,"[{""amount"":60,""resource"":""galaxy5FleetScrap""}]",false,,
g5_fr_lsc2,L2,,,[],,"[{""amount"":20,""resource"":""galaxy5FleetResources""}]",light,,[],true,,
g5_fs_maxfr5,R5,,,[],,[],,,[],false,G5FRMaxHigh2,
g5_db3,D3,,,[],,"[{""amount"":200,""reduction_per_visit"":0.5,""resource"":""galaxy5FleetResources""}]",,,"[{""amount"":30,""resource"":""galaxy5FleetScrap""}]",true,,
g5_fs_stats5,S5,,,[],,[],,,[],false,G5BattleHighest,
g5_fs_maxfr6,R6,,,[],,[],,,[],false,G5FRMaxHighest,
g5_b20,B20,,galaxy5_battle20,"[{""upgrade"":""G5TransitSpeed""}]",,[],,,"[{""amount"":30,""resource"":""galaxy5FleetScrap""}]",false,,
g5_b21,B21,,galaxy5_battle21,"[{""upgrade"":""G5TransitSpeed""}]",,[],,,"[{""amount"":30,""resource"":""galaxy5FleetScrap""}]",false,,
g5_b22,B22,,galaxy5_battle22,"[{""upgrade"":""G5TransitSpeed""}]",,[],,,"[{""amount"":30,""resource"":""galaxy5FleetScrap""}]",false,,
g5_b23,B23,,galaxy5_battle23,"[{""upgrade"":""G5TransitSpeed""}]",,[],,,"[{""amount"":30,""resource"":""galaxy5FleetScrap""}]",false,,"[{""damage_details"":[{""damage"":70,""interval"":2.5,""volley_size"":15}],""nodes_effected"":[{""fleet_event"":""g5_b21""},{""fleet_event"":""g5_b22""}],""repeat"":false,""type"":""laser_volley""},{""damage_details"":[{""damage"":70,""interval"":2.5,""volley_size"":20}],""nodes_effected"":[{""fleet_event"":""g5_b26""},{""fleet_event"":""g5_b27""}],""repeat"":false,""type"":""laser_volley""},{""damage_details"":[{""damage"":70,""interval"":5,""volley_size"":20}],""nodes_effected"":[{""fleet_event"":""g5_b23""}],""repeat"":true,""type"":""laser_volley""}]"
g5_b24,B24,,galaxy5_battle24,"[{""upgrade"":""G5TransitSpeed""}]",,[],,,"[{""amount"":30,""resource"":""galaxy5FleetScrap""}]",false,,
g5_b25,B25,,galaxy5_battle25,"[{""upgrade"":""G5TransitSpeed""}]",,[],,,"[{""amount"":30,""resource"":""galaxy5FleetScrap""}]",false,,"[{""damage_details"":[{""damage"":200,""interval"":2.5,""volley_size"":10}],""nodes_effected"":[{""fleet_event"":""g5_b21""},{""fleet_event"":""g5_b24""}],""repeat"":false,""type"":""laser_volley""},{""damage_details"":[{""damage"":300,""interval"":2.5,""volley_size"":10}],""nodes_effected"":[{""fleet_event"":""g5_b26""},{""fleet_event"":""g5_b27""}],""repeat"":false,""type"":""laser_volley""},{""damage_details"":[{""damage"":300,""interval"":5,""volley_size"":15}],""nodes_effected"":[{""fleet_event"":""g5_b25""}],""repeat"":true,""type"":""laser_volley""}]"
g5_b26,B26,,galaxy5_battle26,"[{""upgrade"":""G5TransitSpeed""}]",,[],,,"[{""amount"":30,""resource"":""galaxy5FleetScrap""}]",false,,
g5_fr_msc2,M2,,,[],,"[{""amount"":40,""resource"":""galaxy5FleetResources""}]",medium,,[],true,,
g5_b27,B27,,galaxy5_battle27,"[{""upgrade"":""G5TransitSpeed""}]",,[],,,"[{""amount"":40,""resource"":""galaxy5FleetScrap""}]",false,,"[{""nodes_effected"":[{""fleet_event"":""g5_b23""},{""fleet_event"":""g5_b25""}],""reinforcement_details"":[{""difficulty_mod"":1,""difficulty_type"":"""",""grid_x"":1,""grid_y"":1,""ship"":""EnemySniper"",""time_spawning"":1.5,""total_time_to_spawn"":2.5},{""difficulty_mod"":1,""difficulty_type"":"""",""grid_x"":1,""grid_y"":3,""ship"":""EnemySniper"",""time_spawning"":1.5,""total_time_to_spawn"":2.5}],""repeat"":false,""type"":""reinforcements""},{""nodes_effected"":[{""fleet_event"":""g5_b28""},{""fleet_event"":""g5_b29""},{""fleet_event"":""g5_b30""}],""reinforcement_details"":[{""difficulty_mod"":1,""difficulty_type"":"""",""grid_x"":1,""grid_y"":0,""ship"":""EnemySniper"",""time_spawning"":1.5,""total_time_to_spawn"":2.5},{""difficulty_mod"":1,""difficulty_type"":"""",""grid_x"":1,""grid_y"":1,""ship"":""EnemySniper"",""time_spawning"":1.5,""total_time_to_spawn"":2.5},{""difficulty_mod"":1,""difficulty_type"":"""",""grid_x"":1,""grid_y"":3,""ship"":""EnemySniper"",""time_spawning"":1.5,""total_time_to_spawn"":2.5},{""difficulty_mod"":1,""difficulty_type"":"""",""grid_x"":1,""grid_y"":4,""ship"":""EnemySniper"",""time_spawning"":1.5,""total_time_to_spawn"":2.5}],""repeat"":false,""type"":""reinforcements""},{""nodes_effected"":[{""fleet_event"":""g5_b26""}],""reinforcement_details"":[{""difficulty_mod"":1,""difficulty_type"":"""",""grid_x"":0,""grid_y"":1,""ship"":""EnemyMediumShield"",""time_spawning"":0.5,""total_time_to_spawn"":2.5},{""difficulty_mod"":1,""difficulty_type"":"""",""grid_x"":1,""grid_y"":1,""ship"":""EnemySniper"",""time_spawning"":0.5,""total_time_to_spawn"":2.5},{""difficulty_mod"":1,""difficulty_type"":"""",""grid_x"":1,""grid_y"":3,""ship"":""EnemySniper"",""time_spawning"":0.5,""total_time_to_spawn"":2.5},{""difficulty_mod"":1,""difficulty_type"":"""",""grid_x"":0,""grid_y"":3,""ship"":""EnemyMediumShield"",""time_spawning"":0.5,""total_time_to_spawn"":2.5}],""repeat"":false,""type"":""reinforcements""},{""nodes_effected"":[{""fleet_event"":""g5_b27""}],""reinforcement_details"":[{""difficulty_mod"":1,""difficulty_type"":"""",""grid_x"":0,""grid_y"":2,""ship"":""EnemyMediumShield"",""time_spawning"":0.5,""total_time_to_spawn"":6},{""difficulty_mod"":1,""difficulty_type"":"""",""grid_x"":1,""grid_y"":0,""ship"":""EnemySniper"",""time_spawning"":0.5,""total_time_to_spawn"":6},{""difficulty_mod"":1,""difficulty_type"":"""",""grid_x"":1,""grid_y"":1,""ship"":""EnemySniper"",""time_spawning"":0.5,""total_time_to_spawn"":6},{""difficulty_mod"":1,""difficulty_type"":"""",""grid_x"":1,""grid_y"":3,""ship"":""EnemySniper"",""time_spawning"":0.5,""total_time_to_spawn"":6},{""difficulty_mod"":1,""difficulty_type"":"""",""grid_x"":1,""grid_y"":4,""ship"":""EnemySniper"",""time_spawning"":0.5,""total_time_to_spawn"":6}],""repeat"":true,""type"":""reinforcements""}]"
g5_bb3,BB3,,galaxy5_basebattle3,"[{""upgrade"":""G5SynthUpgrade""}]",,[],,,"[{""amount"":60,""resource"":""galaxy5FleetScrap""}]",false,,"[{""damage_details"":[{""damage"":15,""interval"":0.125,""volley_size"":1}],""nodes_effected"":[{""fleet_event"":""g5_bb3""}],""repeat"":true,""type"":""damage_per_second""}]"
g5_db4,D4,,,[],,"[{""amount"":200,""reduction_per_visit"":0.5,""resource"":""galaxy5FleetResources""}]",,,"[{""amount"":40,""resource"":""galaxy5FleetScrap""}]",true,,
g5_b28,B28,,galaxy5_battle28,"[{""upgrade"":""G5TransitSpeed""}]",,[],,,"[{""amount"":40,""resource"":""galaxy5FleetScrap""}]",false,,
g5_b29,B29,,galaxy5_battle29,"[{""upgrade"":""G5TransitSpeed""}]",,[],,,"[{""amount"":40,""resource"":""galaxy5FleetScrap""}]",false,,"[{""damage_details"":[{""damage"":5000,""interval"":5,""volley_size"":1}],""nodes_effected"":[{""fleet_event"":""g5_b29""}],""repeat"":true,""type"":""damage_per_second""}]"
g5_b30,B30,,galaxy5_battle30,"[{""upgrade"":""G5TransitSpeed""}]",,[],,,"[{""amount"":40,""resource"":""galaxy5FleetScrap""}]",false,,"[{""damage_details"":[{""damage"":25,""interval"":0.125,""volley_size"":1}],""nodes_effected"":[{""fleet_event"":""g5_b30""}],""repeat"":true,""type"":""damage_per_second""}]"
g5_b31,B31,,galaxy5_battle31,"[{""upgrade"":""G5TransitSpeed""}]",,[],,,"[{""amount"":40,""resource"":""galaxy5FleetScrap""}]",false,,"[{""nodes_effected"":[{""fleet_event"":""g5_b32""},{""fleet_event"":""g5_b33""}],""reinforcement_details"":[{""difficulty_mod"":2,""difficulty_type"":"""",""grid_x"":0,""grid_y"":0,""ship"":""EnemyShotgun"",""time_spawning"":0.5,""total_time_to_spawn"":2.5},{""difficulty_mod"":2,""difficulty_type"":"""",""grid_x"":0,""grid_y"":1,""ship"":""EnemyShotgun"",""time_spawning"":0.5,""total_time_to_spawn"":2.5},{""difficulty_mod"":2,""difficulty_type"":"""",""grid_x"":0,""grid_y"":2,""ship"":""EnemyShotgun"",""time_spawning"":0.5,""total_time_to_spawn"":2.5},{""difficulty_mod"":2,""difficulty_type"":"""",""grid_x"":0,""grid_y"":3,""ship"":""EnemyShotgun"",""time_spawning"":0.5,""total_time_to_spawn"":2.5},{""difficulty_mod"":2,""difficulty_type"":"""",""grid_x"":0,""grid_y"":4,""ship"":""EnemyShotgun"",""time_spawning"":0.5,""total_time_to_spawn"":2.5}],""repeat"":false,""type"":""reinforcements""},{""nodes_effected"":[{""fleet_event"":""g5_b31""}],""reinforcement_details"":[{""difficulty_mod"":1,""difficulty_type"":"""",""grid_x"":0,""grid_y"":0,""ship"":""EnemyShotgun"",""time_spawning"":0.5,""total_time_to_spawn"":6},{""difficulty_mod"":1,""difficulty_type"":"""",""grid_x"":0,""grid_y"":1,""ship"":""EnemyShotgun"",""time_spawning"":0.5,""total_time_to_spawn"":6},{""difficulty_mod"":1,""difficulty_type"":"""",""grid_x"":0,""grid_y"":3,""ship"":""EnemyShotgun"",""time_spawning"":0.5,""total_time_to_spawn"":6},{""difficulty_mod"":1,""difficulty_type"":"""",""grid_x"":0,""grid_y"":4,""ship"":""EnemyShotgun"",""time_spawning"":0.5,""total_time_to_spawn"":6}],""repeat"":true,""type"":""reinforcements""}]"
g5_b32,B32,,galaxy5_battle32,"[{""upgrade"":""G5TransitSpeed""}]",,[],,,"[{""amount"":40,""resource"":""galaxy5FleetScrap""}]",false,,
g5_fs_maxfr7,R7,,,[],,[],,,[],false,G5FRMaxFinal,
g5_fr_a5,A5,,,[],,"[{""amount"":320,""resource"":""galaxy5FleetResources""}]",,,"[{""amount"":320,""resource"":""galaxy5Artifact""}]",true,,
g5_b33,B33,,galaxy5_battle33,"[{""upgrade"":""G5TransitSpeed""}]",,[],,,"[{""amount"":40,""resource"":""galaxy5FleetScrap""}]",false,,
g5_b34,B34,,galaxy5_battle34,"[{""upgrade"":""G5TransitSpeed""}]",,[],,,"[{""amount"":40,""resource"":""galaxy5FleetScrap""}]",false,,
g5_b35,B35,,galaxy5_battle35,"[{""upgrade"":""G5UnlockUTLevel""},{""upgrade"":""G5UnlockG6""},{""upgrade"":""G5TransitFinal""}]",,[],,,"[{""amount"":100,""resource"":""galaxy5FleetScrap""}]",false,,"[{""damage_details"":[{""damage"":40,""interval"":3,""volley_size"":40}],""nodes_effected"":[{""fleet_event"":""g5_b35""}],""repeat"":false,""type"":""laser_volley""},{""nodes_effected"":[{""fleet_event"":""g5_b35""}],""reinforcement_details"":[{""difficulty_mod"":1,""difficulty_type"":"""",""grid_x"":1,""grid_y"":0,""ship"":""EnemySniper"",""time_spawning"":1,""total_time_to_spawn"":4},{""difficulty_mod"":1,""difficulty_type"":"""",""grid_x"":1,""grid_y"":1,""ship"":""EnemyGatling"",""time_spawning"":1,""total_time_to_spawn"":4},{""difficulty_mod"":1,""difficulty_type"":"""",""grid_x"":1,""grid_y"":3,""ship"":""EnemyGatling"",""time_spawning"":1,""total_time_to_spawn"":4},{""difficulty_mod"":1,""difficulty_type"":"""",""grid_x"":1,""grid_y"":4,""ship"":""EnemySniper"",""time_spawning"":1,""total_time_to_spawn"":4}],""repeat"":false,""type"":""reinforcements""}]"
g5_fr_a6,A6,,,[],,"[{""amount"":50,""resource"":""galaxy5FleetResources""}]",,,"[{""amount"":50,""resource"":""galaxy5Artifact""}]",false,,
g6_b1,B1,,galaxy6_battle1,"[{""upgrade"":""G6TransitSpeed""}]",,[],,,"[{""amount"":10,""resource"":""galaxy6FleetScrap""}]",false,,
g6_gf,GF,,,[],,[],,,[],false,G6Foothold,
g6_fr_lsc1,L1,,,[],,"[{""amount"":20,""resource"":""galaxy6FleetResources""}]",light,,[],true,,
g6_fr_a1,A1,,,[],,"[{""amount"":50,""resource"":""galaxy6FleetResources""}]",,,"[{""amount"":50,""resource"":""galaxy6Artifact""}]",true,,
g6_b2,B2,,galaxy6_battle2,"[{""upgrade"":""G6TransitSpeed""}]",,[],,,"[{""amount"":10,""resource"":""galaxy6FleetScrap""}]",false,,
g6_bu_damage1,F1,,,[],"[{""amount"":100,""resource"":""galaxy6FleetResources""}]","[{""amount"":100,""resource"":""galaxy6FleetResources""}]",,,[],true,,"[{""damage_details"":[{""damage"":40,""interval"":3,""volley_size"":20}],""nodes_effected"":[{""fleet_event"":""g6_b3""}],""repeat"":false,""type"":""laser_volley""},{""damage_details"":[{""damage"":15,""interval"":2,""volley_size"":36}],""nodes_effected"":[{""fleet_event"":""g6_b4""}],""repeat"":false,""type"":""laser_volley""},{""damage_details"":[{""damage"":600,""interval"":3,""volley_size"":4}],""nodes_effected"":[{""fleet_event"":""g6_b5""}],""repeat"":false,""type"":""laser_volley""},{""damage_details"":[{""damage"":2000,""interval"":1,""volley_size"":2}],""nodes_effected"":[{""fleet_event"":""g6_bb2""}],""repeat"":false,""type"":""laser_volley""}]"
g6_b3,B3,,galaxy6_battle3,"[{""upgrade"":""G6TransitSpeed""}]",,[],,,"[{""amount"":10,""resource"":""galaxy6FleetScrap""}]",false,,
g6_fs_maxfr1,R1,,,[],,[],,,[],false,G6FRMaxLow,
g6_b4,B4,,galaxy6_battle4,"[{""upgrade"":""G6TransitSpeed""}]",,[],,,"[{""amount"":10,""resource"":""galaxy6FleetScrap""}]",false,,
g6_b5,B5,,galaxy6_battle5,"[{""upgrade"":""G6TransitSpeed""}]",,[],,,"[{""amount"":10,""resource"":""galaxy6FleetScrap""}]",false,,
g6_b6,B6,,galaxy6_battle6,"[{""upgrade"":""G6TransitSpeed""}]",,[],,,"[{""amount"":15,""resource"":""galaxy6FleetScrap""}]",false,,
g6_fs_stats1,S1,,,[],,[],,,[],false,G6BattleLowest,
g6_fr_a2,A2,,,[],,"[{""amount"":50,""resource"":""galaxy6FleetResources""}]",,,"[{""amount"":50,""resource"":""galaxy6Artifact""}]",true,,
g6_b7,B7,,galaxy6_battle7,"[{""upgrade"":""G6TransitSpeed""}]",,[],,,"[{""amount"":15,""resource"":""galaxy6FleetScrap""}]",false,,
g6_fs_maxfr2,R2,,,[],,[],,,[],false,G6FRMaxLow,
g6_bu_reinforce1,F2,,,[],"[{""amount"":600,""resource"":""galaxy6FleetResources""}]","[{""amount"":100,""resource"":""galaxy6FleetResources""}]",,,[],true,,"[{""nodes_effected"":[{""fleet_event"":""g6_b7""}],""reinforcement_details"":[{""difficulty_mod"":0,""difficulty_type"":"""",""grid_x"":0,""grid_y"":1,""ship"":""Frigate"",""time_spawning"":1,""total_time_to_spawn"":2},{""difficulty_mod"":0,""difficulty_type"":"""",""grid_x"":0,""grid_y"":2,""ship"":""Frigate"",""time_spawning"":1,""total_time_to_spawn"":2},{""difficulty_mod"":0,""difficulty_type"":"""",""grid_x"":0,""grid_y"":3,""ship"":""Frigate"",""time_spawning"":1,""total_time_to_spawn"":2}],""repeat"":false,""type"":""reinforcements""},{""nodes_effected"":[{""fleet_event"":""g6_b8""}],""reinforcement_details"":[{""difficulty_mod"":0,""difficulty_type"":"""",""grid_x"":0,""grid_y"":0,""ship"":""Fighter"",""time_spawning"":1,""total_time_to_spawn"":2},{""difficulty_mod"":0,""difficulty_type"":"""",""grid_x"":0,""grid_y"":1,""ship"":""Fighter"",""time_spawning"":1,""total_time_to_spawn"":2}],""repeat"":false,""type"":""reinforcements""},{""nodes_effected"":[{""fleet_event"":""g6_b9""}],""reinforcement_details"":[{""difficulty_mod"":0,""difficulty_type"":"""",""grid_x"":0,""grid_y"":0,""ship"":""Corvette"",""time_spawning"":0.5,""total_time_to_spawn"":1},{""difficulty_mod"":0,""difficulty_type"":"""",""grid_x"":0,""grid_y"":1,""ship"":""Cruiser"",""time_spawning"":0.5,""total_time_to_spawn"":1},{""difficulty_mod"":0,""difficulty_type"":"""",""grid_x"":0,""grid_y"":3,""ship"":""Cruiser"",""time_spawning"":0.5,""total_time_to_spawn"":1},{""difficulty_mod"":0,""difficulty_type"":"""",""grid_x"":0,""grid_y"":4,""ship"":""Corvette"",""time_spawning"":0.5,""total_time_to_spawn"":1}],""repeat"":false,""type"":""reinforcements""},{""nodes_effected"":[{""fleet_event"":""g6_b10""}],""reinforcement_details"":[{""difficulty_mod"":0,""difficulty_type"":"""",""grid_x"":0,""grid_y"":1,""ship"":""Fighter"",""time_spawning"":1.5,""total_time_to_spawn"":5},{""difficulty_mod"":0,""difficulty_type"":"""",""grid_x"":0,""grid_y"":3,""ship"":""Fighter"",""time_spawning"":1.5,""total_time_to_spawn"":5}],""repeat"":false,""type"":""reinforcements""}]"
g6_b8,B8,,galaxy6_battle8,"[{""upgrade"":""G6TransitSpeed""}]",,[],,,"[{""amount"":15,""resource"":""galaxy6FleetScrap""}]",false,,
g6_fs_stats2,S2,,,[],,[],,,[],false,G6BattleLow,
g6_b9,B9,,galaxy6_battle9,"[{""upgrade"":""G6TransitSpeed""}]",,[],,,"[{""amount"":15,""resource"":""galaxy6FleetScrap""}]",false,,
g6_b10,B10,,galaxy6_battle10,"[{""upgrade"":""G6TransitSpeed""}]",,[],,,"[{""amount"":20,""resource"":""galaxy6FleetScrap""}]",false,,"[{""damage_details"":[{""damage"":100,""interval"":2.5,""volley_size"":27}],""nodes_effected"":[{""fleet_event"":""g6_b8""}],""repeat"":false,""type"":""laser_volley""},{""damage_details"":[{""damage"":40,""interval"":2,""volley_size"":5}],""nodes_effected"":[{""fleet_event"":""g6_b9""}],""repeat"":true,""type"":""laser_volley""},{""damage_details"":[{""damage"":35,""interval"":4,""volley_size"":20}],""nodes_effected"":[{""fleet_event"":""g6_b10""}],""repeat"":true,""type"":""laser_volley""},{""damage_details"":[{""damage"":300,""interval"":2.5,""volley_size"":40}],""nodes_effected"":[{""fleet_event"":""g6_b11""}],""repeat"":false,""type"":""laser_volley""}]"
g6_fr_msc1,M1,,,[],,"[{""amount"":40,""resource"":""galaxy6FleetResources""}]",medium,,[],true,,
g6_b11,B11,,galaxy6_battle11,"[{""upgrade"":""G6TransitSpeed""}]",,[],,,"[{""amount"":20,""resource"":""galaxy6FleetScrap""}]",false,,
g6_bu_damage2,F3,,,[],"[{""amount"":400,""resource"":""galaxy6FleetResources""}]","[{""amount"":100,""resource"":""galaxy6FleetResources""}]",,,[],true,,"[{""damage_details"":[{""damage"":30,""interval"":2.5,""volley_size"":30}],""nodes_effected"":[{""fleet_event"":""g6_b11""}],""repeat"":false,""type"":""laser_volley""},{""damage_details"":[{""damage"":100,""interval"":0.5,""volley_size"":1}],""nodes_effected"":[{""fleet_event"":""g6_bb1""}],""repeat"":true,""type"":""laser_volley""},{""damage_details"":[{""damage"":25,""interval"":1,""volley_size"":9}],""nodes_effected"":[{""fleet_event"":""g6_b12""}],""repeat"":true,""type"":""laser_volley""},{""damage_details"":[{""damage"":400,""interval"":1,""volley_size"":8}],""nodes_effected"":[{""fleet_event"":""g6_b21""}],""repeat"":false,""type"":""laser_volley""},{""damage_details"":[{""damage"":100,""interval"":1.5,""volley_size"":25}],""nodes_effected"":[{""fleet_event"":""g6_b23""}],""repeat"":false,""type"":""laser_volley""}]"
g6_bb1,BB1,,galaxy6_basebattle1,"[{""upgrade"":""G6ShardLink""}]",,[],,,"[{""amount"":45,""resource"":""galaxy6FleetScrap""}]",false,,"[{""nodes_effected"":[{""fleet_event"":""g6_bb1""}],""reinforcement_details"":[{""difficulty_mod"":1,""difficulty_type"":"""",""grid_x"":1,""grid_y"":0,""ship"":""EnemyBasic"",""time_spawning"":1,""total_time_to_spawn"":4.5},{""difficulty_mod"":1,""difficulty_type"":"""",""grid_x"":1,""grid_y"":4,""ship"":""EnemyBasic"",""time_spawning"":1,""total_time_to_spawn"":4.5}],""repeat"":true,""type"":""reinforcements""}]"
g6_b12,B12,,galaxy6_battle12,"[{""upgrade"":""G6TransitSpeed""}]",,[],,,"[{""amount"":20,""resource"":""galaxy6FleetScrap""}]",false,,
g6_fr_a3,A3,,,[],,"[{""amount"":100,""resource"":""galaxy6FleetResources""}]",,,"[{""amount"":100,""resource"":""galaxy6Artifact""}]",true,,
g6_b13,B13,,galaxy6_battle13,"[{""upgrade"":""G6TransitSpeed""}]",,[],,,"[{""amount"":20,""resource"":""galaxy6FleetScrap""}]",false,,
g6_heavy_cruiser_unlock,HF,Heavy Cruiser Foundry,,[],,[],,,[],false,G6HeavyCruiser,
g6_fs_maxfr3,R3,,,[],,[],,,[],false,G6FRMaxMid,
g6_b14,B14,,galaxy6_battle14,"[{""upgrade"":""G6TransitSpeed""}]",,[],,,"[{""amount"":20,""resource"":""galaxy6FleetScrap""}]",false,,
g6_b15,B15,,galaxy6_battle15,"[{""upgrade"":""G6TransitSpeed""}]",,[],,,"[{""amount"":20,""resource"":""galaxy6FleetScrap""}]",false,,
g6_b16,B16,,galaxy6_battle16,"[{""upgrade"":""G6TransitSpeed""}]",,[],,,"[{""amount"":20,""resource"":""galaxy6FleetScrap""}]",false,,"[{""nodes_effected"":[{""fleet_event"":""g6_b14""}],""reinforcement_details"":[{""difficulty_mod"":1,""difficulty_type"":"""",""grid_x"":1,""grid_y"":0,""ship"":""EnemySniperShield"",""time_spawning"":1,""total_time_to_spawn"":3},{""difficulty_mod"":1,""difficulty_type"":"""",""grid_x"":1,""grid_y"":2,""ship"":""EnemySniperShield"",""time_spawning"":1,""total_time_to_spawn"":3},{""difficulty_mod"":1,""difficulty_type"":"""",""grid_x"":1,""grid_y"":4,""ship"":""EnemySniperShield"",""time_spawning"":1,""total_time_to_spawn"":3}],""repeat"":false,""type"":""reinforcements""},{""nodes_effected"":[{""fleet_event"":""g6_b15""}],""reinforcement_details"":[{""difficulty_mod"":1,""difficulty_type"":"""",""grid_x"":1,""grid_y"":0,""ship"":""EnemyMissiles"",""time_spawning"":1,""total_time_to_spawn"":3},{""difficulty_mod"":1,""difficulty_type"":"""",""grid_x"":1,""grid_y"":2,""ship"":""EnemyMissiles"",""time_spawning"":1,""total_time_to_spawn"":3},{""difficulty_mod"":1,""difficulty_type"":"""",""grid_x"":1,""grid_y"":4,""ship"":""EnemyMissiles"",""time_spawning"":1,""total_time_to_spawn"":3}],""repeat"":false,""type"":""reinforcements""},{""nodes_effected"":[{""fleet_event"":""g6_b16""}],""reinforcement_details"":[{""difficulty_mod"":1,""difficulty_type"":"""",""grid_x"":1,""grid_y"":0,""ship"":""EnemyMissiles"",""time_spawning"":0.25,""total_time_to_spawn"":3},{""difficulty_mod"":1,""difficulty_type"":"""",""grid_x"":1,""grid_y"":4,""ship"":""EnemySniper"",""time_spawning"":0.25,""total_time_to_spawn"":3}],""repeat"":true,""type"":""reinforcements""}]"
g6_b17,B17,,galaxy6_battle17,"[{""upgrade"":""G6TransitSpeed""}]",,[],,,"[{""amount"":20,""resource"":""galaxy6FleetScrap""}]",false,,"[{""damage_details"":[{""damage"":4,""interval"":0.125,""volley_size"":1}],""nodes_effected"":[{""fleet_event"":""g6_b17""}],""repeat"":true,""type"":""damage_per_second""}]"
g6_fs_stats3,S3,,,[],,[],,,[],false,G6BattleLow,
g6_db1,D1,,,[],,"[{""amount"":175,""reduction_per_visit"":0.5,""resource"":""galaxy6FleetResources""}]",,,"[{""amount"":25,""resource"":""galaxy6FleetScrap""}]",true,,
g6_db2,D2,,,[],,"[{""amount"":225,""reduction_per_visit"":0.5,""resource"":""galaxy6FleetResources""}]",,,"[{""amount"":25,""resource"":""galaxy6FleetScrap""}]",true,,
g6_b18,B18,,galaxy6_battle18,"[{""upgrade"":""G6TransitSpeed""}]",,[],,,"[{""amount"":25,""resource"":""galaxy6FleetScrap""}]",false,,
g6_b19,B19,,galaxy6_battle19,"[{""upgrade"":""G6TransitSpeed""}]",,[],,,"[{""amount"":25,""resource"":""galaxy6FleetScrap""}]",false,,
g6_heavy_cruiser_beam_unlock,BE,Beam Foundry,,[],,[],,,[],false,G6HeavyCruiserBeam,
g6_b20,B20,,galaxy6_battle20,"[{""upgrade"":""G6TransitSpeed""}]",,[],,,"[{""amount"":25,""resource"":""galaxy6FleetScrap""}]",false,,
g6_b21,B21,,galaxy6_battle21,"[{""upgrade"":""G6TransitSpeed""}]",,[],,,"[{""amount"":25,""resource"":""galaxy6FleetScrap""}]",false,,"[{""nodes_effected"":[{""fleet_event"":""g6_b20""}],""reinforcement_details"":[{""difficulty_mod"":1,""difficulty_type"":"""",""grid_x"":1,""grid_y"":2,""ship"":""EnemyMediumRegen"",""time_spawning"":1,""total_time_to_spawn"":4}],""repeat"":false,""type"":""reinforcements""},{""nodes_effected"":[{""fleet_event"":""g6_b21""}],""reinforcement_details"":[{""difficulty_mod"":1,""difficulty_type"":"""",""grid_x"":1,""grid_y"":1,""ship"":""EnemyMedium"",""time_spawning"":1,""total_time_to_spawn"":5.5},{""difficulty_mod"":1,""difficulty_type"":"""",""grid_x"":1,""grid_y"":3,""ship"":""EnemyMedium"",""time_spawning"":1,""total_time_to_spawn"":5.5}],""repeat"":true,""type"":""reinforcements""},{""nodes_effected"":[{""fleet_event"":""g6_b22""}],""reinforcement_details"":[{""difficulty_mod"":1,""difficulty_type"":"""",""grid_x"":1,""grid_y"":0,""ship"":""EnemyMediumRegen"",""time_spawning"":1,""total_time_to_spawn"":4},{""difficulty_mod"":1,""difficulty_type"":"""",""grid_x"":1,""grid_y"":2,""ship"":""EnemyMediumRegen"",""time_spawning"":1,""total_time_to_spawn"":4},{""difficulty_mod"":1,""difficulty_type"":"""",""grid_x"":1,""grid_y"":4,""ship"":""EnemyMediumRegen"",""time_spawning"":1,""total_time_to_spawn"":4}],""repeat"":true,""type"":""reinforcements""}]"
g6_fs_maxfr4,R4,,,[],,[],,,[],false,G6FRMaxMid,
g6_b22,B22,,galaxy6_battle22,"[{""upgrade"":""G6TransitSpeed""}]",,[],,,"[{""amount"":25,""resource"":""galaxy6FleetScrap""}]",false,,"[{""damage_details"":[{""damage"":30,""interval"":4,""volley_size"":20}],""nodes_effected"":[{""fleet_event"":""g6_b22""}],""repeat"":true,""type"":""laser_volley""},{""damage_details"":[{""damage"":120,""interval"":4,""volley_size"":40}],""nodes_effected"":[{""fleet_event"":""g6_b23""}],""repeat"":false,""type"":""laser_volley""}]"
g6_b23,B23,,galaxy6_battle23,"[{""upgrade"":""G6TransitSpeed""}]",,[],,,"[{""amount"":25,""resource"":""galaxy6FleetScrap""}]",false,,
g6_fr_a4,A4,,,[],,"[{""amount"":150,""resource"":""galaxy6FleetResources""}]",,,"[{""amount"":150,""resource"":""galaxy6Artifact""}]",true,,
g6_fs_stats4,S4,,,[],,[],,,[],false,G6BattleMid,
g6_b24,B24,,galaxy6_battle24,"[{""upgrade"":""G6TransitSpeed""}]",,[],,,"[{""amount"":30,""resource"":""galaxy6FleetScrap""}]",false,,
g6_bu_void1,F4,,,[],"[{""amount"":400,""resource"":""galaxy6FleetResources""}]","[{""amount"":100,""resource"":""galaxy6FleetResources""}]",,,[],true,,"[{""damage_details"":[{""damage"":2,""interval"":0.125,""volley_size"":0}],""nodes_effected"":[{""fleet_event"":""g6_b25""}],""repeat"":true,""type"":""damage_per_second""},{""damage_details"":[{""damage"":15,""interval"":0.1,""volley_size"":0}],""nodes_effected"":[{""fleet_event"":""g6_b26""}],""repeat"":true,""type"":""damage_per_second""},{""damage_details"":[{""damage"":5,""interval"":0.125,""volley_size"":0}],""nodes_effected"":[{""fleet_event"":""g6_bb2""}],""repeat"":true,""type"":""damage_per_second""}]"
g6_b25,B25,,galaxy6_battle25,"[{""upgrade"":""G6TransitSpeed""}]",,[],,,"[{""amount"":30,""resource"":""galaxy6FleetScrap""}]",false,,
g6_b26,B26,,galaxy6_battle26,"[{""upgrade"":""G6TransitSpeed""}]",,[],,,"[{""amount"":30,""resource"":""galaxy6FleetScrap""}]",false,,"[{""damage_details"":[{""damage"":15,""interval"":0.1,""volley_size"":0}],""nodes_effected"":[{""fleet_event"":""g6_b26""}],""repeat"":true,""type"":""damage_per_second""}]"
g6_fs_maxfr5,R5,,,[],,[],,,[],false,G6FRMaxHigh,
g6_bb2,BB2,,galaxy6_basebattle2,"[{""upgrade"":""G6UniversalDatacores""}]",,[],,,"[{""amount"":90,""resource"":""galaxy6FleetScrap""}]",false,,"[{""damage_details"":[{""damage"":5,""interval"":0.25,""volley_size"":1}],""nodes_effected"":[{""fleet_event"":""g6_bb2""}],""repeat"":true,""type"":""damage_per_second""}]"
g6_b27,B27,,galaxy6_battle27,"[{""upgrade"":""G6TransitSpeed""}]",,[],,,"[{""amount"":30,""resource"":""galaxy6FleetScrap""}]",false,,
g6_b28,B28,,galaxy6_battle28,"[{""upgrade"":""G6TransitSpeed""}]",,[],,,"[{""amount"":30,""resource"":""galaxy6FleetScrap""}]",false,,
g6_fr_a5,A5,,,[],,"[{""amount"":200,""resource"":""galaxy6FleetResources""}]",,,"[{""amount"":200,""resource"":""galaxy6Artifact""}]",true,,
g6_b29,B29,,galaxy6_battle29,"[{""upgrade"":""G6TransitSpeed""}]",,[],,,"[{""amount"":35,""resource"":""galaxy6FleetScrap""}]",false,,
g6_fs_stats5,S5,,,[],,[],,,[],false,G6BattleHigh,
g6_bu_gb1,F5,,,[],"[{""amount"":300,""resource"":""galaxy6FleetResources""}]","[{""amount"":100,""resource"":""galaxy6FleetResources""}]",,,[],true,,"[{""grid_buff_details"":[{""grid_buff"":""GridFireRate"",""grid_x"":0,""grid_y"":0},{""grid_buff"":""GridDamage"",""grid_x"":0,""grid_y"":1},{""grid_buff"":""GridDamage"",""grid_x"":0,""grid_y"":3},{""grid_buff"":""GridFireRate"",""grid_x"":0,""grid_y"":4}],""nodes_effected"":[{""fleet_event"":""g6_b30""}],""repeat"":false,""type"":""grid_buff""},{""grid_buff_details"":[{""grid_buff"":""GridDoubler"",""grid_x"":0,""grid_y"":0},{""grid_buff"":""GridDoubler"",""grid_x"":0,""grid_y"":2},{""grid_buff"":""GridDoubler"",""grid_x"":0,""grid_y"":4}],""nodes_effected"":[{""fleet_event"":""g6_b31""}],""repeat"":false,""type"":""grid_buff""},{""grid_buff_details"":[{""grid_buff"":""GridHP"",""grid_x"":0,""grid_y"":1},{""grid_buff"":""GridHP"",""grid_x"":0,""grid_y"":2},{""grid_buff"":""GridHP"",""grid_x"":0,""grid_y"":3}],""nodes_effected"":[{""fleet_event"":""g6_b32""}],""repeat"":false,""type"":""grid_buff""},{""grid_buff_details"":[{""grid_buff"":""GridTeleport"",""grid_x"":1,""grid_y"":0},{""grid_buff"":""GridTeleport"",""grid_x"":1,""grid_y"":4}],""nodes_effected"":[{""fleet_event"":""g6_b33""}],""repeat"":false,""type"":""grid_buff""}]"
g6_b30,B30,,galaxy6_battle30,"[{""upgrade"":""G6TransitSpeed""}]",,[],,,"[{""amount"":35,""resource"":""galaxy6FleetScrap""}]",false,,
g6_b31,B31,,galaxy6_battle31,"[{""upgrade"":""G6TransitSpeed""}]",,[],,,"[{""amount"":35,""resource"":""galaxy6FleetScrap""}]",false,,
g6_b32,B32,,galaxy6_battle32,"[{""upgrade"":""G6TransitSpeed""}]",,[],,,"[{""amount"":35,""resource"":""galaxy6FleetScrap""}]",false,,
g6_fs_maxfr6,R6,,,[],,[],,,[],false,G6FRMaxHigh,
g6_b33,B33,,galaxy6_battle33,"[{""upgrade"":""G6TransitSpeed""}]",,[],,,"[{""amount"":35,""resource"":""galaxy6FleetScrap""}]",false,,"[{""grid_buff_details"":[{""grid_buff"":""GridFireRate"",""grid_x"":0,""grid_y"":0},{""grid_buff"":""GridFireRate"",""grid_x"":0,""grid_y"":1},{""grid_buff"":""GridFireRate"",""grid_x"":0,""grid_y"":3},{""grid_buff"":""GridFireRate"",""grid_x"":0,""grid_y"":4}],""nodes_effected"":[{""fleet_event"":""g6_b28""}],""repeat"":false,""type"":""grid_buff""},{""grid_buff_details"":[{""grid_buff"":""GridTeleport"",""grid_x"":1,""grid_y"":0},{""grid_buff"":""GridTeleport"",""grid_x"":1,""grid_y"":1},{""grid_buff"":""GridTeleport"",""grid_x"":1,""grid_y"":3},{""grid_buff"":""GridTeleport"",""grid_x"":1,""grid_y"":4}],""nodes_effected"":[{""fleet_event"":""g6_b29""}],""repeat"":false,""type"":""grid_buff""},{""grid_buff_details"":[{""grid_buff"":""GridDamage"",""grid_x"":0,""grid_y"":1},{""grid_buff"":""GridDamage"",""grid_x"":1,""grid_y"":1},{""grid_buff"":""GridHP"",""grid_x"":0,""grid_y"":2},{""grid_buff"":""GridDamage"",""grid_x"":0,""grid_y"":3},{""grid_buff"":""GridDamage"",""grid_x"":1,""grid_y"":3}],""nodes_effected"":[{""fleet_event"":""g6_b30""}],""repeat"":false,""type"":""grid_buff""},{""grid_buff_details"":[{""grid_buff"":""GridDoubler"",""grid_x"":0,""grid_y"":0},{""grid_buff"":""GridDoubler"",""grid_x"":0,""grid_y"":2},{""grid_buff"":""GridDoubler"",""grid_x"":0,""grid_y"":4}],""nodes_effected"":[{""fleet_event"":""g6_b31""}],""repeat"":false,""type"":""grid_buff""},{""grid_buff_details"":[{""grid_buff"":""GridSuperCharge"",""grid_x"":1,""grid_y"":2}],""nodes_effected"":[{""fleet_event"":""g6_b32""}],""repeat"":false,""type"":""grid_buff""},{""grid_buff_details"":[{""grid_buff"":""GridSuperCharge"",""grid_x"":1,""grid_y"":0},{""grid_buff"":""GridSuperCharge"",""grid_x"":1,""grid_y"":1},{""grid_buff"":""GridHP"",""grid_x"":0,""grid_y"":2},{""grid_buff"":""GridSuperCharge"",""grid_x"":1,""grid_y"":3},{""grid_buff"":""GridSuperCharge"",""grid_x"":1,""grid_y"":4}],""nodes_effected"":[{""fleet_event"":""g6_b33""}],""repeat"":false,""type"":""grid_buff""}]"
g6_fr_a6,A6,,,[],,"[{""amount"":200,""resource"":""galaxy6FleetResources""}]",,,"[{""amount"":200,""resource"":""galaxy6Artifact""}]",true,,
g6_b34,B34,,galaxy6_battle34,"[{""upgrade"":""G6TransitSpeed""}]",,[],,,"[{""amount"":40,""resource"":""galaxy6FleetScrap""}]",false,,
g6_b35,B35,,galaxy6_battle35,"[{""upgrade"":""G6TransitSpeed""}]",,[],,,"[{""amount"":40,""resource"":""galaxy6FleetScrap""}]",false,,
g6_fs_stats6,S6,,,[],,[],,,[],false,G6BattleHighest,
g6_heavy_cruiser_start,HP,Heavy Cruiser Printer,,[],,[],,,[],false,G6HeavyCruiserStart,
g6_fr_a7,A7,,,[],,"[{""amount"":200,""resource"":""galaxy6FleetResources""}]",,,"[{""amount"":200,""resource"":""galaxy6Artifact""}]",true,,
g6_b36,B36,,galaxy6_battle36,"[{""upgrade"":""G6TransitSpeed""}]",,[],,,"[{""amount"":40,""resource"":""galaxy6FleetScrap""}]",false,,
g6_bu_m1,F6,,,[],"[{""amount"":400,""resource"":""galaxy6FleetResources""}]","[{""amount"":100,""resource"":""galaxy6FleetResources""}]",,,[],true,,"[{""damage_details"":[{""damage"":350,""interval"":1,""volley_size"":4}],""nodes_effected"":[{""fleet_event"":""g6_b37""}],""repeat"":false,""type"":""laser_volley""},{""nodes_effected"":[{""fleet_event"":""g6_b38""}],""reinforcement_details"":[{""difficulty_mod"":0,""difficulty_type"":"""",""grid_x"":0,""grid_y"":0,""ship"":""HeavyCruiser"",""time_spawning"":1,""total_time_to_spawn"":2},{""difficulty_mod"":0,""difficulty_type"":"""",""grid_x"":0,""grid_y"":4,""ship"":""HeavyCruiser"",""time_spawning"":1,""total_time_to_spawn"":2}],""repeat"":false,""type"":""reinforcements""},{""grid_buff_details"":[{""grid_buff"":""GridSniper"",""grid_x"":1,""grid_y"":2}],""nodes_effected"":[{""fleet_event"":""g6_bb3""}],""repeat"":false,""type"":""grid_buff""},{""grid_buff_details"":[{""grid_buff"":""GridDoubler"",""grid_x"":1,""grid_y"":1},{""grid_buff"":""GridDoubler"",""grid_x"":1,""grid_y"":3}],""nodes_effected"":[{""fleet_event"":""g6_b42""}],""repeat"":false,""type"":""grid_buff""}]"
g6_b37,B37,,galaxy6_battle37,"[{""upgrade"":""G6TransitSpeed""}]",,[],,,"[{""amount"":40,""resource"":""galaxy6FleetScrap""}]",false,,
g6_b38,B38,,galaxy6_battle38,"[{""upgrade"":""G6TransitSpeed""}]",,[],,,"[{""amount"":40,""resource"":""galaxy6FleetScrap""}]",false,,
g6_b39,B39,,galaxy6_battle39,"[{""upgrade"":""G6TransitSpeed""}]",,[],,,"[{""amount"":50,""resource"":""galaxy6FleetScrap""}]",false,,
g6_fs_maxfr7,R7,,,[],,[],,,[],false,G6FRMaxHigher,
g6_bb3,BB3,,galaxy6_basebattle3,"[{""upgrade"":""G6TetherWarpUnlock""}]",,[],,,"[{""amount"":100,""resource"":""galaxy6FleetScrap""}]",false,,"[{""grid_buff_details"":[{""grid_buff"":""GridTeleport"",""grid_x"":1,""grid_y"":0},{""grid_buff"":""GridTeleport"",""grid_x"":1,""grid_y"":4},{""grid_buff"":""GridDoubler"",""grid_x"":0,""grid_y"":2}],""nodes_effected"":[{""fleet_event"":""g6_bb3""}],""repeat"":false,""type"":""grid_buff""}]"
g6_b40,B40,,galaxy6_battle40,"[{""upgrade"":""G6TransitSpeed""}]",,[],,,"[{""amount"":50,""resource"":""galaxy6FleetScrap""}]",false,,
g6_fr_lsc2,L2,,,[],,"[{""amount"":20,""resource"":""galaxy6FleetResources""}]",light,,[],true,,
g6_b41,B41,,galaxy6_battle41,"[{""upgrade"":""G6TransitSpeed""}]",,[],,,"[{""amount"":50,""resource"":""galaxy6FleetScrap""}]",false,,"[{""grid_buff_details"":[{""grid_buff"":""GridFireRate"",""grid_x"":1,""grid_y"":1},{""grid_buff"":""GridFireRate"",""grid_x"":1,""grid_y"":3}],""nodes_effected"":[{""fleet_event"":""g6_b40""}],""repeat"":false,""type"":""grid_buff""},{""grid_buff_details"":[{""grid_buff"":""GridBarrier"",""grid_x"":0,""grid_y"":0},{""grid_buff"":""GridBarrier"",""grid_x"":0,""grid_y"":1},{""grid_buff"":""GridBarrier"",""grid_x"":0,""grid_y"":2},{""grid_buff"":""GridBarrier"",""grid_x"":0,""grid_y"":3},{""grid_buff"":""GridBarrier"",""grid_x"":0,""grid_y"":4}],""nodes_effected"":[{""fleet_event"":""g6_b41""}],""repeat"":false,""type"":""grid_buff""},{""grid_buff_details"":[{""grid_buff"":""GridDoubler"",""grid_x"":0,""grid_y"":0},{""grid_buff"":""GridDoubler"",""grid_x"":0,""grid_y"":1},{""grid_buff"":""GridDoubler"",""grid_x"":0,""grid_y"":3},{""grid_buff"":""GridDoubler"",""grid_x"":0,""grid_y"":4}],""nodes_effected"":[{""fleet_event"":""g6_b42""}],""repeat"":false,""type"":""grid_buff""}]"
g6_b42,B42,,galaxy6_battle42,"[{""upgrade"":""G6TransitSpeed""}]",,[],,,"[{""amount"":60,""resource"":""galaxy6FleetScrap""}]",false,,"[{""damage_details"":[{""damage"":10,""interval"":0.125,""volley_size"":1}],""grid_buff_details"":[],""nodes_effected"":[{""fleet_event"":""g6_b42""}],""repeat"":true,""type"":""damage_per_second""}]"
g6_bu_gb2,F7,,,[],"[{""amount"":400,""resource"":""galaxy6FleetResources""}]","[{""amount"":100,""resource"":""galaxy6FleetResources""}]",,,[],true,,"[{""grid_buff_details"":[{""grid_buff"":""GridDoubleBarrier"",""grid_x"":0,""grid_y"":0},{""grid_buff"":""GridDoubleBarrier"",""grid_x"":0,""grid_y"":1},{""grid_buff"":""GridDoubleBarrier"",""grid_x"":0,""grid_y"":2},{""grid_buff"":""GridDoubleBarrier"",""grid_x"":0,""grid_y"":3},{""grid_buff"":""GridDoubleBarrier"",""grid_x"":0,""grid_y"":4},{""grid_buff"":""GridDoubleBarrier"",""grid_x"":1,""grid_y"":0},{""grid_buff"":""GridDoubleBarrier"",""grid_x"":1,""grid_y"":1},{""grid_buff"":""GridDoubleBarrier"",""grid_x"":1,""grid_y"":2},{""grid_buff"":""GridDoubleBarrier"",""grid_x"":1,""grid_y"":3},{""grid_buff"":""GridDoubleBarrier"",""grid_x"":1,""grid_y"":4}],""nodes_effected"":[{""fleet_event"":""g6_b43""}],""repeat"":false,""type"":""grid_buff""}]"
g6_b43,B43,,galaxy6_battle43,"[{""upgrade"":""G6TransitSpeed""}]",,[],,,"[{""amount"":60,""resource"":""galaxy6FleetScrap""}]",false,,"[{""damage_details"":[{""damage"":2000,""interval"":1,""volley_size"":60}],""nodes_effected"":[{""fleet_event"":""g6_b43""}],""repeat"":false,""type"":""laser_volley""}]"
g6_fr_a8,A8,,,[],,"[{""amount"":300,""resource"":""galaxy6FleetResources""}]",,,"[{""amount"":300,""resource"":""galaxy6Artifact""}]",true,,
g6_b44,B44,,galaxy6_battle44,"[{""upgrade"":""G6TransitSpeed""}]",,[],,,"[{""amount"":60,""resource"":""galaxy6FleetScrap""}]",false,,
g6_b45,B45,,galaxy6_battle45,"[{""upgrade"":""G6TransitSpeed""}]",,[],,,"[{""amount"":60,""resource"":""galaxy6FleetScrap""}]",false,,
g6_db3,D3,,,[],,"[{""amount"":2500,""reduction_per_visit"":0.25,""resource"":""galaxy6FleetResources""}]",,,"[{""amount"":60,""resource"":""galaxy6FleetScrap""}]",true,,
g6_fs_maxfr8,R8,,,[],,[],,,[],false,G6FRMaxHighest,
g6_bu_gb3,F8,,,[],"[{""amount"":600,""resource"":""galaxy6FleetResources""}]","[{""amount"":100,""resource"":""galaxy6FleetResources""}]",,,[],true,,"[{""grid_buff_details"":[{""grid_buff"":""GridFireRate"",""grid_x"":0,""grid_y"":0},{""grid_buff"":""GridDoubler"",""grid_x"":0,""grid_y"":1},{""grid_buff"":""GridDoubler"",""grid_x"":0,""grid_y"":2},{""grid_buff"":""GridDoubler"",""grid_x"":0,""grid_y"":3},{""grid_buff"":""GridFireRate"",""grid_x"":0,""grid_y"":4},{""grid_buff"":""GridDamage"",""grid_x"":1,""grid_y"":2},{""grid_buff"":""GridTeleport"",""grid_x"":2,""grid_y"":0},{""grid_buff"":""GridTeleport"",""grid_x"":2,""grid_y"":4},{""grid_buff"":""GridSuperCharge"",""grid_x"":2,""grid_y"":1},{""grid_buff"":""GridSniper"",""grid_x"":2,""grid_y"":2},{""grid_buff"":""GridSuperCharge"",""grid_x"":2,""grid_y"":3}],""nodes_effected"":[{""fleet_event"":""g6_b46""}],""repeat"":false,""type"":""grid_buff""}]"
g6_b46,B46,,galaxy6_battle46,"[{""upgrade"":""G6UnlockUTLevel""},{""upgrade"":""G6TransitFinal""}]",,[],,,"[{""amount"":100,""resource"":""galaxy6FleetScrap""}]",false,,"[{""grid_buff_details"":[{""grid_buff"":""GridDamage"",""grid_x"":0,""grid_y"":0},{""grid_buff"":""GridDoubler"",""grid_x"":0,""grid_y"":1},{""grid_buff"":""GridDoubler"",""grid_x"":0,""grid_y"":2},{""grid_buff"":""GridDoubler"",""grid_x"":0,""grid_y"":3},{""grid_buff"":""GridDamage"",""grid_x"":0,""grid_y"":4},{""grid_buff"":""GridBarrier"",""grid_x"":1,""grid_y"":0},{""grid_buff"":""GridDoubler"",""grid_x"":1,""grid_y"":2},{""grid_buff"":""GridBarrier"",""grid_x"":1,""grid_y"":4},{""grid_buff"":""GridSuperCharge"",""grid_x"":2,""grid_y"":0},{""grid_buff"":""GridSuperCharge"",""grid_x"":2,""grid_y"":4}],""nodes_effected"":[{""fleet_event"":""g6_b46""}],""repeat"":false,""type"":""grid_buff""}]"
g6_fr_a9,A9,,,[],,"[{""amount"":50,""resource"":""galaxy6FleetResources""}]",,,"[{""amount"":50,""resource"":""galaxy6Artifact""}]",false,,
g7_b1,B1,,galaxy7_battle1,"[{""upgrade"":""G7TransitSpeed""}]",,[],,,"[{""amount"":10,""resource"":""galaxy7FleetScrap""}]",false,,
g7_fr_a1,A1,,,[],,"[{""amount"":50,""resource"":""galaxy7FleetResources""}]",,,"[{""amount"":50,""resource"":""galaxy7Artifact""}]",true,,
g7_gf,GF,,,[],,[],,,[],false,G7Foothold,
g7_b2a,B2A,,galaxy7_battle2a,"[{""upgrade"":""G7TransitSpeed""}]",,[],,,"[{""amount"":10,""resource"":""galaxy7FleetScrap""}]",false,,
g7_b2b,B2B,,galaxy7_battle2b,"[{""upgrade"":""G7TransitSpeed""}]",,[],,,"[{""amount"":10,""resource"":""galaxy7FleetScrap""}]",false,,
g7_b2c,B2C,,galaxy7_battle2c,"[{""upgrade"":""G7TransitSpeed""}]",,[],,,"[{""amount"":10,""resource"":""galaxy7FleetScrap""}]",false,,
g7_fs_maxfr1,R1,,,[],,[],,,[],false,G7FRMaxLow,
g7_bb1,BB1,,galaxy7_basebattle1,"[{""upgrade"":""G7ODCatchup""}]",,[],,,"[{""amount"":25,""resource"":""galaxy7FleetScrap""}]",false,,
g7_b3a,B3A,,galaxy7_battle3a,"[{""upgrade"":""G7TransitSpeed""}]",,[],,,"[{""amount"":15,""resource"":""galaxy7FleetScrap""}]",false,,
g7_b3c,B3C,,galaxy7_battle3c,"[{""upgrade"":""G7TransitSpeed""}]",,[],,,"[{""amount"":15,""resource"":""galaxy7FleetScrap""}]",false,,
g7_b3d,B3D,,galaxy7_battle3d,"[{""upgrade"":""G7TransitSpeed""}]",,[],,,"[{""amount"":15,""resource"":""galaxy7FleetScrap""}]",false,,
g7_fs_maxfr2,R2,,,[],,[],,,[],false,G7FRMax,
g7_b4a,B4A,,galaxy7_battle4a,"[{""upgrade"":""G7TransitSpeed""}]",,[],,,"[{""amount"":20,""resource"":""galaxy7FleetScrap""}]",false,,
g7_b4b,B4B,,galaxy7_battle4b,"[{""upgrade"":""G7TransitSpeed""}]",,[],,,"[{""amount"":20,""resource"":""galaxy7FleetScrap""}]",false,,
g7_support_1,F1,,,[],"[{""amount"":200,""resource"":""galaxy7FleetResources""}]","[{""amount"":10,""resource"":""galaxy7FleetResources""}]",,,[],true,,"[{""nodes_effected"":[{""fleet_event"":""g7_b5""}],""reinforcement_details"":[{""difficulty_mod"":0,""difficulty_type"":"""",""grid_x"":0,""grid_y"":1,""ship"":""HeavyCruiser"",""time_spawning"":1,""total_time_to_spawn"":2},{""difficulty_mod"":0,""difficulty_type"":"""",""grid_x"":0,""grid_y"":3,""ship"":""HeavyCruiser"",""time_spawning"":1,""total_time_to_spawn"":2},{""difficulty_mod"":0,""difficulty_type"":"""",""grid_x"":1,""grid_y"":2,""ship"":""HeavyCruiser"",""time_spawning"":1,""total_time_to_spawn"":2}],""repeat"":false,""type"":""reinforcements""},{""damage_details"":[{""damage"":500,""interval"":1.25,""volley_size"":8}],""nodes_effected"":[{""fleet_event"":""g7_bb1""}],""repeat"":false,""type"":""laser_volley""}]"
g7_b4c,B4C,,galaxy7_battle4c,"[{""upgrade"":""G7TransitSpeed""}]",,[],,,"[{""amount"":20,""resource"":""galaxy7FleetScrap""}]",false,,
g7_fs_maxfr3,R3,,,[],,[],,,[],false,G7FRMaxHigh,
g7_fr_a2a,A2A,,,[],,"[{""amount"":50,""resource"":""galaxy7FleetResources""}]",,,"[{""amount"":50,""resource"":""galaxy7Artifact""}]",true,,
g7_b5,B5,,galaxy7_battle5,"[{""upgrade"":""G7TransitSpeed""}]",,[],,,"[{""amount"":25,""resource"":""galaxy7FleetScrap""}]",false,,
g7_fr_a2b,A2C,,,[],,"[{""amount"":50,""resource"":""galaxy7FleetResources""}]",,,"[{""amount"":50,""resource"":""galaxy7Artifact""}]",true,,
g7_b5d,B5D,,galaxy7_battle5d,"[{""upgrade"":""G7TransitSpeed""}]",,[],,,"[{""amount"":25,""resource"":""galaxy7FleetScrap""}]",false,,
g7_db1,D1,,,[],,"[{""amount"":175,""reduction_per_visit"":0.5,""resource"":""galaxy7FleetResources""}]",,,"[{""amount"":25,""resource"":""galaxy7FleetScrap""}]",true,,
g7_fs_stats1,S1,,,[],,[],,,[],false,G7Battle,
g7_b6,B6,,galaxy7_battle6,"[{""upgrade"":""G7TransitSpeed""}]",,[],,,"[{""amount"":25,""resource"":""galaxy7FleetScrap""}]",false,,"[{""nodes_effected"":[{""fleet_event"":""g7_b5""}],""reinforcement_details"":[{""difficulty_mod"":1,""difficulty_type"":"""",""grid_x"":0,""grid_y"":1,""ship"":""EnemyMBulwark"",""time_spawning"":1,""total_time_to_spawn"":1},{""difficulty_mod"":1,""difficulty_type"":"""",""grid_x"":0,""grid_y"":3,""ship"":""EnemyMBulwark"",""time_spawning"":1,""total_time_to_spawn"":1},{""difficulty_mod"":1,""difficulty_type"":"""",""grid_x"":1,""grid_y"":2,""ship"":""EnemyMBulwark"",""time_spawning"":1,""total_time_to_spawn"":1}],""repeat"":false,""type"":""reinforcements""},{""nodes_effected"":[{""fleet_event"":""g7_b6""}],""reinforcement_details"":[{""difficulty_mod"":1,""difficulty_type"":"""",""grid_x"":0,""grid_y"":1,""ship"":""EnemyGatlingShield"",""time_spawning"":1,""total_time_to_spawn"":5},{""difficulty_mod"":1,""difficulty_type"":"""",""grid_x"":0,""grid_y"":3,""ship"":""EnemyGatlingArmor"",""time_spawning"":1,""total_time_to_spawn"":5}],""repeat"":true,""type"":""reinforcements""},{""grid_buff_details"":[{""grid_buff"":""GridBarrier"",""grid_x"":0,""grid_y"":2}],""nodes_effected"":[{""fleet_event"":""g7_b4a""}],""repeat"":false,""type"":""grid_buff""},{""grid_buff_details"":[{""grid_buff"":""GridDoubler"",""grid_x"":1,""grid_y"":2}],""nodes_effected"":[{""fleet_event"":""g7_b4c""}],""repeat"":false,""type"":""grid_buff""}]"
g7_b7,B7,,galaxy7_battle7,"[{""upgrade"":""G7UnlockG8""},{""upgrade"":""G7UTArtifactGain""},{""upgrade"":""G7TransitFinal""}]",,[],,,"[{""amount"":25,""resource"":""galaxy7FleetScrap""}]",false,,
g7_fr_a3,A3,,,[],,"[{""amount"":25,""resource"":""galaxy7FleetResources""}]",,,"[{""amount"":25,""resource"":""galaxy7Artifact""}]",false,,
g8_b1,B1,,galaxy8_battle1,"[{""upgrade"":""G8TransitSpeed""}]",,[],,,"[{""amount"":5,""resource"":""galaxy8FleetScrap""}]",false,,
g8_gf,GF,,,[],,[],,,[],false,G8Foothold,
g8_patrol1,PL1,,,[],,[],,light,[],false,,
g8_b2,B2,,galaxy8_battle2,"[{""upgrade"":""G8TransitSpeed""}]",,[],,,"[{""amount"":10,""resource"":""galaxy8FleetScrap""}]",false,,
g8_fr_a1,A1,,,[],,"[{""amount"":25,""resource"":""galaxy8FleetResources""}]",,,"[{""amount"":25,""resource"":""galaxy8Artifact""}]",true,,
g8_bb1,BB1,,galaxy8_basebattle1,"[{""upgrade"":""G8FixtureUpgrade""}]",,[],,,"[{""amount"":20,""resource"":""galaxy8FleetScrap""}]",false,,
g8_b3,B3,,galaxy8_battle3,"[{""upgrade"":""G8TransitSpeed""}]",,[],,,"[{""amount"":10,""resource"":""galaxy8FleetScrap""}]",false,,
g8_fs_maxfr1,R1,,,[],,[],,,[],false,G8FRMaxLow,
g8_patrol2,PL2,,,[],,[],,light,[],false,,
g8_b4,B4,,galaxy8_battle4,"[{""upgrade"":""G8TransitSpeed""}]",,[],,,"[{""amount"":10,""resource"":""galaxy8FleetScrap""}]",false,,
g8_b5,B5,,galaxy8_battle5,"[{""upgrade"":""G8TransitSpeed""}]",,[],,,"[{""amount"":10,""resource"":""galaxy8FleetScrap""}]",false,,"[{""damage_details"":[{""damage"":1000,""interval"":1,""volley_size"":9}],""nodes_effected"":[{""fleet_event"":""g8_b4""}],""repeat"":false,""type"":""laser_volley""},{""damage_details"":[{""damage"":1000,""interval"":1,""volley_size"":24}],""nodes_effected"":[{""fleet_event"":""g8_b6""}],""repeat"":false,""type"":""laser_volley""},{""damage_details"":[{""damage"":500,""interval"":2,""volley_size"":1}],""nodes_effected"":[{""fleet_event"":""g8_b5""}],""repeat"":true,""type"":""laser_volley""}]"
g8_b6,B6,,galaxy8_battle6,"[{""upgrade"":""G8TransitSpeed""}]",,[],,,"[{""amount"":15,""resource"":""galaxy8FleetScrap""}]",false,,
g8_fs_stats1,S1,,,[],,[],,,[],false,G8Battle,
g8_patrol3,PM1,,,[],,[],,medium,[],false,,
g8_b7,B7,,galaxy8_battle7,"[{""upgrade"":""G8TransitSpeed""}]",,[],,,"[{""amount"":15,""resource"":""galaxy8FleetScrap""}]",false,,
g8_b8,B8,,galaxy8_battle8,"[{""upgrade"":""G8TransitSpeed""}]",,[],,,"[{""amount"":15,""resource"":""galaxy8FleetScrap""}]",false,,
g8_patrol4,PM2,,,[],,[],,medium,[],false,,
g8_fs_maxfr2,R2,,,[],,[],,,[],false,G8FRMax,
g8_b9,B9,,galaxy8_battle9,"[{""upgrade"":""G8TransitSpeed""}]",,[],,,"[{""amount"":15,""resource"":""galaxy8FleetScrap""}]",false,,
g8_fr_lsc1,L1,,,[],,"[{""amount"":20,""resource"":""galaxy8FleetResources""}]",light,,[],true,,
g8_fr_a2,A2,,,[],,"[{""amount"":50,""resource"":""galaxy8FleetResources""}]",,,"[{""amount"":50,""resource"":""galaxy8Artifact""}]",true,,
g8_b10,B10,,galaxy8_battle10,"[{""upgrade"":""G8TransitSpeed""}]",,[],,,"[{""amount"":15,""resource"":""galaxy8FleetScrap""}]",false,,
g8_db1,D1,,,[],,"[{""amount"":200,""reduction_per_visit"":0.5,""resource"":""galaxy8FleetResources""}]",,,"[{""amount"":20,""resource"":""galaxy8FleetScrap""}]",true,,
g8_fs_maxfr3,R3,,,[],,[],,,[],false,G8FRMaxHigh,
g8_b11,B11,,galaxy8_battle11,"[{""upgrade"":""G8TransitSpeed""}]",,[],,,"[{""amount"":20,""resource"":""galaxy8FleetScrap""}]",false,,"[{""damage_details"":[{""damage"":4,""interval"":0.1,""volley_size"":0}],""nodes_effected"":[{""fleet_event"":""g8_b7""}],""repeat"":true,""type"":""damage_per_second""},{""damage_details"":[{""damage"":50,""interval"":4,""volley_size"":0}],""nodes_effected"":[{""fleet_event"":""g8_b11""}],""repeat"":true,""type"":""damage_per_second""}]"
g8_heavy_cruiser_start,HL,Heavy Cruiser Localized Printer,,[],,[],,,[],false,G8HeavyCruiserStart,
g8_b12,B12,,galaxy8_battle12,"[{""upgrade"":""G8TransitSpeed""}]",,[],,,"[{""amount"":20,""resource"":""galaxy8FleetScrap""}]",false,,[]
g8_cruiser_start,CL,Cruiser Localized Printer,,[],,[],,,[],false,G8CruiserStart,[]
g8_b13,B13,,galaxy8_battle13,"[{""upgrade"":""G8TransitSpeed""}]",,[],,,"[{""amount"":20,""resource"":""galaxy8FleetScrap""}]",false,,"[{""grid_buff_details"":[{""grid_buff"":""GridDamage"",""grid_x"":0,""grid_y"":1},{""grid_buff"":""GridDamage"",""grid_x"":0,""grid_y"":3}],""nodes_effected"":[{""fleet_event"":""g8_b10""}],""repeat"":false,""type"":""grid_buff""},{""grid_buff_details"":[{""grid_buff"":""GridDoubler"",""grid_x"":0,""grid_y"":0},{""grid_buff"":""GridDoubler"",""grid_x"":0,""grid_y"":4}],""nodes_effected"":[{""fleet_event"":""g8_b12""}],""repeat"":false,""type"":""grid_buff""},{""grid_buff_details"":[{""grid_buff"":""GridBarrier"",""grid_x"":0,""grid_y"":0},{""grid_buff"":""GridBarrier"",""grid_x"":0,""grid_y"":1},{""grid_buff"":""GridFireRate"",""grid_x"":1,""grid_y"":3},{""grid_buff"":""GridFireRate"",""grid_x"":1,""grid_y"":4}],""nodes_effected"":[{""fleet_event"":""g8_b13""}],""repeat"":false,""type"":""grid_buff""}]"
g8_fs_stats2,S2,,,[],,[],,,[],false,G8BattleHigh,
g8_b14,B14,,galaxy8_battle14,"[{""upgrade"":""G8TransitSpeed""}]",,[],,,"[{""amount"":20,""resource"":""galaxy8FleetScrap""}]",false,,"[{""damage_details"":[{""damage"":8,""interval"":0.1,""volley_size"":0}],""nodes_effected"":[{""fleet_event"":""g8_b14""}],""repeat"":true,""type"":""damage_per_second""}]"
g8_support_1,F1,,,[],"[{""amount"":300,""resource"":""galaxy8FleetResources""}]","[{""amount"":40,""resource"":""galaxy8FleetResources""}]",,,[],true,,"[{""damage_details"":[{""damage"":5000,""interval"":4,""volley_size"":6}],""nodes_effected"":[{""fleet_event"":""g8_b15""}],""repeat"":false,""type"":""laser_volley""},{""nodes_effected"":[{""fleet_event"":""g8_b16""}],""reinforcement_details"":[{""difficulty_mod"":0,""difficulty_type"":"""",""grid_x"":0,""grid_y"":0,""ship"":""Fighter"",""time_spawning"":1,""total_time_to_spawn"":2},{""difficulty_mod"":0,""difficulty_type"":"""",""grid_x"":0,""grid_y"":1,""ship"":""Fighter"",""time_spawning"":1,""total_time_to_spawn"":2},{""difficulty_mod"":0,""difficulty_type"":"""",""grid_x"":0,""grid_y"":3,""ship"":""Fighter"",""time_spawning"":1,""total_time_to_spawn"":2},{""difficulty_mod"":0,""difficulty_type"":"""",""grid_x"":0,""grid_y"":4,""ship"":""Fighter"",""time_spawning"":1,""total_time_to_spawn"":2}],""repeat"":false,""type"":""reinforcements""},{""grid_buff_details"":[{""grid_buff"":""GridDoubleBarrier"",""grid_x"":1,""grid_y"":0},{""grid_buff"":""GridDoubleBarrier"",""grid_x"":1,""grid_y"":4},{""grid_buff"":""GridDoubleTap"",""grid_x"":0,""grid_y"":1},{""grid_buff"":""GridDoubleTap"",""grid_x"":0,""grid_y"":3},{""grid_buff"":""GridDoubler"",""grid_x"":0,""grid_y"":2},{""grid_buff"":""GridDoubler"",""grid_x"":2,""grid_y"":2}],""nodes_effected"":[{""fleet_event"":""g8_b17""}],""repeat"":false,""type"":""grid_buff""}]"
g8_b15,B15,,galaxy8_battle15,"[{""upgrade"":""G8TransitSpeed""}]",,[],,,"[{""amount"":25,""resource"":""galaxy8FleetScrap""}]",false,,[]
g8_b16,B16,,galaxy8_battle16,"[{""upgrade"":""G8TransitSpeed""}]",,[],,,"[{""amount"":30,""resource"":""galaxy8FleetScrap""}]",false,,
g8_b17,B17,,galaxy8_battle17,"[{""upgrade"":""G8UnlockUTLevel""},{""upgrade"":""G8TransitFinal""}]",,[],,,"[{""amount"":70,""resource"":""galaxy8FleetScrap""}]",false,,"[{""grid_buff_details"":[{""grid_buff"":""GridHP"",""grid_x"":1,""grid_y"":1},{""grid_buff"":""GridHP"",""grid_x"":1,""grid_y"":3},{""grid_buff"":""GridTeleport"",""grid_x"":2,""grid_y"":0},{""grid_buff"":""GridTeleport"",""grid_x"":2,""grid_y"":4},{""grid_buff"":""GridDoubler"",""grid_x"":0,""grid_y"":2},{""grid_buff"":""GridDoubler"",""grid_x"":2,""grid_y"":1},{""grid_buff"":""GridDoubler"",""grid_x"":2,""grid_y"":3}],""nodes_effected"":[{""fleet_event"":""g8_b17""}],""repeat"":false,""type"":""grid_buff""}]"
g8_fr_a3,A3,,,[],,"[{""amount"":25,""resource"":""galaxy8FleetResources""}]",,,"[{""amount"":25,""resource"":""galaxy8Artifact""}]",false,,
g9_b1,B1,,galaxy9_battle1,"[{""upgrade"":""G9TransitSpeed""}]",,[],,,"[{""amount"":10,""resource"":""galaxy9FleetScrap""}]",false,,
g9_gf,GF,,,[],,[],,,[],false,G9Foothold,
g9_fs_maxfr1,R1,,,[],,[],,,[],false,G9FRMaxLow,
g9_support_1,F1,,,[],"[{""amount"":120,""resource"":""galaxy9FleetResources""}]","[{""amount"":30,""resource"":""galaxy9FleetResources""}]",,,[],true,,"[{""damage_details"":[{""damage"":300,""interval"":2,""volley_size"":5}],""nodes_effected"":[{""fleet_event"":""g9_b3""}],""repeat"":false,""type"":""laser_volley""},{""damage_details"":[{""damage"":10,""interval"":1,""volley_size"":3}],""nodes_effected"":[{""fleet_event"":""g9_b4""}],""repeat"":true,""type"":""laser_volley""}]"
g9_b2,B2,,galaxy9_battle2,"[{""upgrade"":""G9TransitSpeed""}]",,[],,,"[{""amount"":10,""resource"":""galaxy9FleetScrap""}]",false,,
g9_fr_a1,A1,,,[],,"[{""amount"":25,""resource"":""galaxy9FleetResources""}]",,,"[{""amount"":25,""resource"":""galaxy9Artifact""}]",true,,
g9_b3,B3,,galaxy9_battle3,"[{""upgrade"":""G9TransitSpeed""}]",,[],,,"[{""amount"":10,""resource"":""galaxy9FleetScrap""}]",false,,
g9_b4,B4,,galaxy9_battle4,"[{""upgrade"":""G9TransitSpeed""}]",,[],,,"[{""amount"":10,""resource"":""galaxy9FleetScrap""}]",false,,
g9_fs_stats1,S1,,,[],,[],,,[],false,G9Battle,
g9_db1,D1,,,[],,"[{""amount"":100,""reduction_per_visit"":0.5,""resource"":""galaxy9FleetResources""}]",,,"[{""amount"":15,""resource"":""galaxy9FleetScrap""}]",true,,
g9_b5,B5,,galaxy9_battle5,"[{""upgrade"":""G9TransitSpeed""}]",,[],,,"[{""amount"":15,""resource"":""galaxy9FleetScrap""}]",false,,
g9_fr_a2,A2,,,[],,"[{""amount"":25,""resource"":""galaxy9FleetResources""}]",,,"[{""amount"":25,""resource"":""galaxy9Artifact""}]",true,,
g9_b6,B6,,galaxy9_battle6,"[{""upgrade"":""G9TransitSpeed""}]",,[],,,"[{""amount"":15,""resource"":""galaxy9FleetScrap""}]",false,,
g9_b7,B7,,galaxy9_battle7,"[{""upgrade"":""G9TransitSpeed""}]",,[],,,"[{""amount"":15,""resource"":""galaxy9FleetScrap""}]",false,,"[{""nodes_effected"":[{""fleet_event"":""g9_b6""}],""reinforcement_details"":[{""difficulty_mod"":1,""difficulty_type"":"""",""grid_x"":1,""grid_y"":1,""ship"":""EnemyShotgunShield"",""time_spawning"":1,""total_time_to_spawn"":5},{""difficulty_mod"":1,""difficulty_type"":"""",""grid_x"":1,""grid_y"":2,""ship"":""EnemyShotgunShield"",""time_spawning"":1,""total_time_to_spawn"":5},{""difficulty_mod"":1,""difficulty_type"":"""",""grid_x"":1,""grid_y"":3,""ship"":""EnemyShotgunShield"",""time_spawning"":1,""total_time_to_spawn"":5}],""repeat"":false,""type"":""reinforcements""},{""nodes_effected"":[{""fleet_event"":""g9_b7""}],""reinforcement_details"":[{""difficulty_mod"":1.5,""difficulty_type"":""Replace"",""grid_x"":0,""grid_y"":2,""ship"":""EnemyMediumArmor"",""time_spawning"":1,""total_time_to_spawn"":5}],""repeat"":true,""type"":""reinforcements""},{""nodes_effected"":[{""fleet_event"":""g9_b9""}],""reinforcement_details"":[{""difficulty_mod"":1,""difficulty_type"":"""",""grid_x"":0,""grid_y"":1,""ship"":""EnemyMIronclad"",""time_spawning"":2,""total_time_to_spawn"":4},{""difficulty_mod"":1,""difficulty_type"":"""",""grid_x"":0,""grid_y"":3,""ship"":""EnemyMIronclad"",""time_spawning"":2,""total_time_to_spawn"":4}],""repeat"":false,""type"":""reinforcements""}]"
g9_b8,B8,,galaxy9_battle8,"[{""upgrade"":""G9TransitSpeed""}]",,[],,,"[{""amount"":15,""resource"":""galaxy9FleetScrap""}]",false,,
g9_cruiser_particle_cannon,PC,Particle Cannon Foundry,,[],,[],,,[],false,G9CruiserParticleCanon,
g9_b9,B9,,galaxy9_battle9,"[{""upgrade"":""G9TransitSpeed""}]",,[],,,"[{""amount"":15,""resource"":""galaxy9FleetScrap""}]",false,,
g9_fs_maxfr2,R2,,,[],,[],,,[],false,G9FRMaxMid,
g9_fr_msc1,M1,,,[],,"[{""amount"":40,""resource"":""galaxy9FleetResources""}]",medium,,[],true,,
g9_b10,B10,,galaxy9_battle10,"[{""upgrade"":""G9TransitSpeed""}]",,[],,,"[{""amount"":20,""resource"":""galaxy9FleetScrap""}]",false,,
g9_fs_stats2,S2,,,[],,[],,,[],false,G9BattleMid,
g9_fr_a3,A3,,,[],,"[{""amount"":50,""resource"":""galaxy9FleetResources""}]",,,"[{""amount"":50,""resource"":""galaxy9Artifact""}]",true,,
g9_b11,B11,,galaxy9_battle11,"[{""upgrade"":""G9TransitSpeed""}]",,[],,,"[{""amount"":20,""resource"":""galaxy9FleetScrap""}]",false,,"[{""damage_details"":[{""damage"":8,""interval"":0.5,""volley_size"":0}],""nodes_effected"":[{""fleet_event"":""g9_b11""}],""repeat"":true,""type"":""damage_per_second""}]"
g9_patrol_l1,PL1,,,[],,[],,light,[],false,,
g9_b12,B12,,galaxy9_battle12,"[{""upgrade"":""G9TransitSpeed""}]",,[],,,"[{""amount"":20,""resource"":""galaxy9FleetScrap""}]",false,,
g9_patrol_m1,PM1,,,[],,[],,medium,[],false,,
g9_b13,B13,,galaxy9_battle13,"[{""upgrade"":""G9TransitSpeed""}]",,[],,,"[{""amount"":20,""resource"":""galaxy9FleetScrap""}]",false,,"[{""grid_buff_details"":[{""grid_buff"":""GridTeleport"",""grid_x"":1,""grid_y"":0},{""grid_buff"":""GridTeleport"",""grid_x"":1,""grid_y"":4},{""grid_buff"":""GridFireRate"",""grid_x"":0,""grid_y"":2}],""nodes_effected"":[{""fleet_event"":""g9_b13""}],""repeat"":false,""type"":""grid_buff""},{""grid_buff_details"":[{""grid_buff"":""GridDoubler"",""grid_x"":0,""grid_y"":0},{""grid_buff"":""GridDoubler"",""grid_x"":0,""grid_y"":1},{""grid_buff"":""GridDoubler"",""grid_x"":1,""grid_y"":1},{""grid_buff"":""GridDoubler"",""grid_x"":0,""grid_y"":3},{""grid_buff"":""GridDoubler"",""grid_x"":1,""grid_y"":3},{""grid_buff"":""GridDoubler"",""grid_x"":0,""grid_y"":4}],""nodes_effected"":[{""fleet_event"":""g9_b14""}],""repeat"":false,""type"":""grid_buff""}]"
g9_b14,B14,,galaxy9_battle14,"[{""upgrade"":""G9TransitSpeed""}]",,[],,,"[{""amount"":25,""resource"":""galaxy9FleetScrap""}]",false,,
g9_fs_maxfr3,R3,,,[],,[],,,[],false,G9FRMaxHigh,
g9_support_2,F2,,,[],"[{""amount"":300,""resource"":""galaxy9FleetResources""}]","[{""amount"":50,""resource"":""galaxy9FleetResources""}]",,,[],true,,"[{""nodes_effected"":[{""fleet_event"":""g9_b15""}],""reinforcement_details"":[{""difficulty_mod"":0,""difficulty_type"":"""",""grid_x"":1,""grid_y"":0,""ship"":""Cruiser"",""time_spawning"":1,""total_time_to_spawn"":2},{""difficulty_mod"":0,""difficulty_type"":"""",""grid_x"":1,""grid_y"":1,""ship"":""Cruiser"",""time_spawning"":1,""total_time_to_spawn"":2},{""difficulty_mod"":0,""difficulty_type"":"""",""grid_x"":1,""grid_y"":3,""ship"":""Cruiser"",""time_spawning"":1,""total_time_to_spawn"":2},{""difficulty_mod"":0,""difficulty_type"":"""",""grid_x"":1,""grid_y"":4,""ship"":""Cruiser"",""time_spawning"":1,""total_time_to_spawn"":2}],""repeat"":false,""type"":""reinforcements""},{""damage_details"":[{""damage"":110,""interval"":1,""volley_size"":40}],""nodes_effected"":[{""fleet_event"":""g9_b16""}],""repeat"":false,""type"":""laser_volley""},{""grid_buff_details"":[{""grid_buff"":""GridBarrier"",""grid_x"":0,""grid_y"":1},{""grid_buff"":""GridBarrier"",""grid_x"":0,""grid_y"":3},{""grid_buff"":""GridSuperCharge"",""grid_x"":0,""grid_y"":2}],""nodes_effected"":[{""fleet_event"":""g9_b17""}],""repeat"":false,""type"":""grid_buff""}]"
g9_db2,D2,,,[],,"[{""amount"":150,""reduction_per_visit"":0.5,""resource"":""galaxy9FleetResources""}]",,,"[{""amount"":20,""resource"":""galaxy9FleetScrap""}]",true,,
g9_b15,B15,,galaxy9_battle15,"[{""upgrade"":""G9TransitSpeed""}]",,[],,,"[{""amount"":25,""resource"":""galaxy9FleetScrap""}]",false,,
g9_fr_a4,A4,,,[],,"[{""amount"":50,""resource"":""galaxy9FleetResources""}]",,,"[{""amount"":50,""resource"":""galaxy9Artifact""}]",true,,
g9_fs_stats3,S3,,,[],,[],,,[],false,G9BattleHigh,
g9_b16,B16,,galaxy9_battle16,"[{""upgrade"":""G9TransitSpeed""}]",,[],,,"[{""amount"":25,""resource"":""galaxy9FleetScrap""}]",false,,
g9_b17,B17,,galaxy9_battle17,"[{""upgrade"":""G9TransitSpeed""}]",,[],,,"[{""amount"":30,""resource"":""galaxy9FleetScrap""}]",false,,"[{""damage_details"":[{""damage"":250,""interval"":2,""volley_size"":5}],""nodes_effected"":[{""fleet_event"":""g9_b17""}],""repeat"":true,""type"":""laser_volley""},{""damage_details"":[{""damage"":500,""interval"":2,""volley_size"":35}],""nodes_effected"":[{""fleet_event"":""g9_b18""}],""repeat"":true,""type"":""laser_volley""}]"
g9_fr_a5,A5,,,[],,"[{""amount"":200,""resource"":""galaxy9FleetResources""}]",,,"[{""amount"":200,""resource"":""galaxy9Artifact""}]",true,,
g9_b18,B18,,galaxy9_battle18,"[{""upgrade"":""G9TransitSpeed""}]",,[],,,"[{""amount"":25,""resource"":""galaxy9FleetScrap""}]",false,,
g9_b19,B19,,galaxy9_battle19,"[{""upgrade"":""G9UnlockUTLevel""},{""upgrade"":""G9TransitFinal""}]",,[],,,"[{""amount"":25,""resource"":""galaxy9FleetScrap""}]",false,,
g9_bb1,BB1,,galaxy9_basebattle1,"[{""upgrade"":""G9DischargeUpgrade""}]",,[],,,"[{""amount"":25,""resource"":""galaxy9FleetScrap""}]",false,,
g9_fr_a6,A6,,,[],,"[{""amount"":25,""resource"":""galaxy9FleetResources""}]",,,"[{""amount"":25,""resource"":""galaxy9Artifact""}]",false,,
